D,K,parameter,bias,rmse,known_sigma_coverage,bias_mc_se,median_absolute_error,p95_absolute_error,coverage_mc_low,coverage_mc_high,unknown_sigma_coverage,joint_known_coverage,joint_unknown_coverage,negative_K_fraction,sigma_bias,sigma_rmse
-0.16,0.04,D,3.412515137489843e-05,0.0023144724649081833,0.9453125,0.00010237510423174882,0.0013963190114925778,0.004541384555055895,0.9220969712394934,0.9618955660073142,0.943359375,0.96484375,0.962890625,0.0,-1.196202804222389e-05,0.0005040073674354488
-0.16,0.04,K,-8.448981970579853e-06,0.0029822686370484684,0.966796875,0.00013192726779821443,0.00209023603598495,0.005424997885148337,0.9474733440447254,0.9791679559639896,0.96484375,0.96484375,0.962890625,0.0,-1.196202804222389e-05,0.0005040073674354488
-0.14,0.04,D,-1.772408419997858e-05,0.0022172084177620303,0.9609375,9.808039180998896e-05,0.001569575751928537,0.004254083325306385,0.9404368991207068,0.9745729201347606,0.9609375,0.947265625,0.9453125,0.0,-3.788185907821171e-05,0.00048761590209767293
-0.14,0.04,K,4.8548263065394145e-05,0.0032670489977910597,0.9375,0.00014450978081674708,0.0020969622373112687,0.006595118352234895,0.9131004927359689,0.9553834035065087,0.9375,0.947265625,0.9453125,0.0,-3.788185907821171e-05,0.00048761590209767293
-0.12,0.04,D,-5.655333150503611e-05,0.0023272670773613773,0.943359375,0.00010292183276457934,0.0015572847999539632,0.00472029401427522,0.9198386034432544,0.9602767735524707,0.94140625,0.935546875,0.939453125,0.0,-3.992541220662083e-05,0.0005254254378606364
-0.12,0.04,K,-4.002364864630707e-05,0.0032775425010317044,0.9453125,0.00014497913307992655,0.0021006014977467125,0.006366100748961854,0.9220969712394934,0.9618955660073142,0.947265625,0.935546875,0.939453125,0.0,-3.992541220662083e-05,0.0005254254378606364
-0.1,0.04,D,-2.2075244040812577e-05,0.0024904448990649003,0.9296875,0.00011016646787293616,0.0017313881653903407,0.0048032022014716305,0.9041932796740074,0.9487819755641401,0.9296875,0.94140625,0.939453125,0.0,2.405618225203935e-05,0.0004890102218404893
-0.1,0.04,K,-9.768168171096276e-06,0.0034419364870577193,0.9296875,0.00015226169255986013,0.0022007365533182055,0.006733950302504177,0.9041932796740074,0.9487819755641401,0.9296875,0.94140625,0.939453125,0.0,2.405618225203935e-05,0.0004890102218404893
-0.08,0.04,D,-3.3492401937241584e-05,0.0024361121380377386,0.955078125,0.00010775707084565431,0.0016787104530072358,0.004615824679908303,0.9334960572612445,0.9698822812409755,0.955078125,0.951171875,0.951171875,0.0,4.920754686937835e-06,0.0005018783764201952
-0.08,0.04,K,-0.00030537558975002516,0.003309388209604213,0.947265625,0.00014577410661230236,0.002187116959319401,0.006555212430725971,0.9243620032866211,0.963507694211269,0.947265625,0.951171875,0.951171875,0.0,4.920754686937835e-06,0.0005018783764201952
-0.06666666666666667,0.04,D,-0.00019218818803523705,0.002522256813906797,0.9375,0.00011125369129678552,0.0016838793587903786,0.005307067237311256,0.9131004927359689,0.9553834035065087,0.939453125,0.94921875,0.951171875,0.0,-5.783945670581985e-06,0.000477778789834538
-0.06666666666666667,0.04,K,0.00011844820637166038,0.0033763634050052753,0.95703125,0.00014926958410171353,0.002413848366113934,0.006438988762744923,0.9358001975831783,0.9714553011701242,0.95703125,0.94921875,0.951171875,0.0,-5.783945670581985e-06,0.000477778789834538
-0.06,0.04,D,-0.00014065425540599452,0.002653666195935372,0.9375,0.00011722626573199497,0.0018430522277721843,0.005306680661923645,0.9131004927359689,0.9553834035065087,0.939453125,0.931640625,0.931640625,0.0,-4.318645255440938e-06,0.000506432899252926
-0.06,0.04,K,0.00012587915849857317,0.0033550873027759238,0.947265625,0.00014831582401430036,0.002325635708119809,0.006697723014030623,0.9243620032866211,0.963507694211269,0.947265625,0.931640625,0.931640625,0.0,-4.318645255440938e-06,0.000506432899252926
-0.04000000000000001,0.04,D,-0.0024608793274658895,0.013063224000869744,0.94140625,0.0005675364661207335,0.003076500759467426,0.01990146590308137,0.9175865885145797,0.9586516282300628,0.9375,0.94921875,0.94921875,0.001953125,-5.056003208725251e-05,0.0005011600664865041
-0.04000000000000001,0.04,K,0.0025944103241179245,0.014507786772972946,0.9453125,0.0006314412305451752,0.003990056068922557,0.022859811950245803,0.9220969712394934,0.9618955660073142,0.943359375,0.94921875,0.94921875,0.001953125,-5.056003208725251e-05,0.0005011600664865041
-0.01999999999999999,0.04,D,-0.004097799361875663,0.008440703879461539,0.931640625,0.00032643937582224684,0.004857976200142663,0.017219874454811324,0.9064124998359672,0.9504399156532629,0.93359375,0.94921875,0.951171875,0.0,-2.2064412195091316e-05,0.0005242857157292596
-0.01999999999999999,0.04,K,0.007884780776989541,0.0152987051339714,0.931640625,0.0005799666143219125,0.008943070185851679,0.032110501109528296,0.9064124998359672,0.9504399156532629,0.93359375,0.94921875,0.951171875,0.0,-2.2064412195091316e-05,0.0005242857157292596
0.0,0.04,D,-9.754061804866629e-05,0.0026524770921652094,0.93359375,0.00011725931382058696,0.0015647578282598014,0.0053348877035309505,0.9086366418684898,0.9520929338718228,0.93359375,0.943359375,0.94140625,0.0,1.5363273190810165e-05,0.0004857059634198757
0.0,0.04,K,0.006394003588038639,0.013559114612033964,0.92578125,0.0005289399863457333,0.0073497042854274094,0.029552059099645683,0.8997688824692767,0.945452052266706,0.927734375,0.943359375,0.94140625,0.0,1.5363273190810165e-05,0.0004857059634198757
0.01999999999999999,0.04,D,0.004006443728318435,0.00860366247223972,0.91796875,0.00033681894126343857,0.004298119075820932,0.019117967236973996,0.8909718133445638,0.938740480387089,0.91796875,0.919921875,0.923828125,0.0,-3.695205394819142e-05,0.0005118591335412776
0.01999999999999999,0.04,K,0.007880242063331428,0.015801181268638047,0.908203125,0.0006058732671658836,0.008669470015073611,0.03460654540894184,0.8800615175449181,0.9302649749313222,0.908203125,0.919921875,0.923828125,0.0,-3.695205394819142e-05,0.0005118591335412776
0.04000000000000001,0.04,D,0.0030747248885718936,0.012281419969225965,0.9453125,0.0005259961071490983,0.0032448869306085995,0.019633260945872383,0.9220969712394934,0.9618955660073142,0.94921875,0.9296875,0.927734375,0.0,-2.3060004111340825e-05,0.0004963673794780449
0.04000000000000001,0.04,K,0.003350287514711215,0.013883796773022206,0.955078125,0.0005960328508581199,0.004039758368067314,0.02353807740259372,0.9334960572612445,0.9698822812409755,0.951171875,0.9296875,0.927734375,0.0,-2.3060004111340825e-05,0.0004963673794780449
0.06,0.04,D,-1.371634154193345e-05,0.0025930282505911215,0.9609375,0.00011470721147623766,0.0016029993347756906,0.0049402758628825484,0.9404368991207068,0.9745729201347606,0.9609375,0.953125,0.953125,0.0,-1.4059068436283911e-05,0.0004938121146919313
0.06,0.04,K,6.012728823680209e-06,0.0032818016522576576,0.9609375,0.0001451781140466673,0.00233496917264836,0.0060630413664275445,0.9404368991207068,0.9745729201347606,0.966796875,0.953125,0.953125,0.0,-1.4059068436283911e-05,0.0004938121146919313
0.06666666666666667,0.04,D,-2.1776873213848644e-05,0.002558822780072294,0.939453125,0.00011319155600788937,0.001625807068157993,0.005058554449142721,0.915340639807479,0.957020416686081,0.9375,0.947265625,0.9453125,0.0,2.0873691248004083e-05,0.0004799221327785688
0.06666666666666667,0.04,K,-4.469011046564909e-05,0.003354839523969032,0.955078125,0.00014839619462269152,0.0023210021571121973,0.006542062987584106,0.9334960572612445,0.9698822812409755,0.95703125,0.947265625,0.9453125,0.0,2.0873691248004083e-05,0.0004799221327785688
0.07999999999999999,0.04,D,0.00013547414222235437,0.002368958556735428,0.943359375,0.00010462505415803454,0.0015836077365151274,0.004782011061662513,0.9198386034432544,0.9602767735524707,0.9453125,0.947265625,0.947265625,0.0,-4.204652583516379e-05,0.0005060375454386173
0.07999999999999999,0.04,K,8.379201334409861e-05,0.003449268840048627,0.947265625,0.00015254163994363328,0.002322030893595124,0.006507908240462674,0.9243620032866211,0.963507694211269,0.947265625,0.947265625,0.947265625,0.0,-4.204652583516379e-05,0.0005060375454386173
0.1,0.04,D,0.00015702145174718266,0.0023285687304754133,0.953125,0.00010277534823093705,0.0015605045693591474,0.004534370287772325,0.9312006389371313,0.9683005393140062,0.953125,0.955078125,0.953125,0.0,-1.324098976903274e-05,0.0004797657710075265
0.1,0.04,K,8.01873511173391e-05,0.0032168722312362562,0.939453125,0.00014226183063498058,0.0022269294850035884,0.0064369216450412565,0.915340639807479,0.957020416686081,0.939453125,0.955078125,0.953125,0.0,-1.324098976903274e-05,0.0004797657710075265
0.12000000000000002,0.04,D,-0.00014092807071688923,0.0023913317088480406,0.94140625,0.00010560242447983743,0.0016691648931523861,0.0047985281860236486,0.9175865885145797,0.9586516282300628,0.94140625,0.9609375,0.958984375,0.0,1.940181794411203e-05,0.0004897528797594258
0.12000000000000002,0.04,K,0.00012209445866558007,0.003161392457815986,0.95703125,0.00013974743233569864,0.0022246321817909996,0.006162660079283494,0.9358001975831783,0.9714553011701242,0.951171875,0.9609375,0.958984375,0.0,1.940181794411203e-05,0.0004897528797594258
0.13999999999999999,0.04,D,-0.00015284604543534667,0.002354910017370586,0.947265625,0.00010395542545730837,0.0016536915120104745,0.004502821214613269,0.9243620032866211,0.963507694211269,0.951171875,0.94921875,0.947265625,0.0,-3.3592842931112415e-05,0.0005279142036495097
0.13999999999999999,0.04,K,1.3537147278959335e-05,0.0032822194012578692,0.9375,0.0001451956028917342,0.0021696624822906407,0.006670408597352016,0.9131004927359689,0.9553834035065087,0.9375,0.94921875,0.947265625,0.0,-3.3592842931112415e-05,0.0005279142036495097
0.16,0.04,D,8.770204841150727e-06,0.0023044188347987977,0.94140625,0.00010194074916287131,0.0016544294283827587,0.004524627266802279,0.9175865885145797,0.9586516282300628,0.94140625,0.947265625,0.9453125,0.0,-1.6258795341666434e-05,0.0005355402557883865
0.16,0.04,K,2.11841321757163e-05,0.003313610360602656,0.9375,0.00014658249652182184,0.0022884374760645428,0.006519531832332751,0.9131004927359689,0.9553834035065087,0.94140625,0.947265625,0.9453125,0.0,-1.6258795341666434e-05,0.0005355402557883865
-0.16,0.05,D,-0.00012148006541622911,0.0023470972207818323,0.939453125,0.00010369030319905175,0.0015404225296580393,0.004624017582776375,0.915340639807479,0.957020416686081,0.939453125,0.9609375,0.958984375,0.0,3.6950407801917754e-06,0.000500539873479878
-0.16,0.05,K,-1.7237388736930637e-05,0.0031395786569969643,0.947265625,0.00013888468950276213,0.0022350641772768756,0.006312193538234286,0.9243620032866211,0.963507694211269,0.947265625,0.9609375,0.958984375,0.0,3.6950407801917754e-06,0.000500539873479878
-0.14,0.05,D,0.00011980041895985253,0.0023986010606403,0.9375,0.00010597543292205621,0.0016102797222632137,0.004781415662271507,0.9131004927359689,0.9553834035065087,0.935546875,0.943359375,0.943359375,0.0,-7.598195348433214e-05,0.0005166485863145033
-0.14,0.05,K,-9.680096481661939e-05,0.003150904892735634,0.951171875,0.0001393220320095846,0.002107008941949262,0.006188278726477038,0.9289134485442119,0.9667105694558431,0.951171875,0.943359375,0.943359375,0.0,-7.598195348433214e-05,0.0005166485863145033
-0.12,0.05,D,-0.00015675593980989013,0.002351340536826585,0.951171875,0.00010378577491766768,0.0016504171210117088,0.004534669647379957,0.9289134485442119,0.9667105694558431,0.94921875,0.95703125,0.95703125,0.0,-3.881711989587279e-05,0.0005065514103697897
-0.12,0.05,K,8.170073703247095e-05,0.003264525118183147,0.951171875,0.00014436885541056917,0.0022043439008765653,0.006237806461599514,0.9289134485442119,0.9667105694558431,0.951171875,0.95703125,0.95703125,0.0,-3.881711989587279e-05,0.0005065514103697897
-0.1,0.05,D,-9.841977705122039e-05,0.002468619298966099,0.9375,0.00010911846370238725,0.0016867875986176437,0.004846736908309609,0.9131004927359689,0.9553834035065087,0.939453125,0.953125,0.953125,0.0,-2.581677727567252e-05,0.0004820739780642696
-0.1,0.05,K,0.00010268494211459945,0.0033313928334501083,0.951171875,0.00014730211784152363,0.0021865979534029384,0.0064383144469730945,0.9289134485442119,0.9667105694558431,0.951171875,0.953125,0.953125,0.0,-2.581677727567252e-05,0.0004820739780642696
-0.08,0.05,D,7.891594812235687e-05,0.002657607809800763,0.943359375,0.00011751380435915925,0.0018164425805521772,0.005145482092996976,0.9198386034432544,0.9602767735524707,0.943359375,0.94140625,0.943359375,0.0,-2.0515672751645695e-05,0.0005298250967630002
-0.08,0.05,K,-0.0001523590104558935,0.003258357917814394,0.947265625,0.00014398360319588263,0.0019343395854402312,0.006569048777173582,0.9243620032866211,0.963507694211269,0.951171875,0.94140625,0.943359375,0.0,-2.0515672751645695e-05,0.0005298250967630002
-0.06666666666666667,0.05,D,-0.00028701111243319285,0.0027147661021151705,0.951171875,0.00011942113816151434,0.0017561708624796377,0.005395467436080013,0.9289134485442119,0.9667105694558431,0.951171875,0.955078125,0.95703125,0.0,4.249394819213115e-05,0.0005079343317851326
-0.06666666666666667,0.05,K,9.713499446699266e-05,0.00342860903648766,0.962890625,0.00015161185325309818,0.0023252767987622727,0.0065745800422647915,0.9427707550251679,0.976116224481382,0.958984375,0.955078125,0.95703125,0.0,4.249394819213115e-05,0.0005079343317851326
-0.06,0.05,D,1.2727109957487128e-05,0.002964429454249406,0.951171875,0.0001311374296670264,0.002016411441594746,0.006087961417905068,0.9289134485442119,0.9667105694558431,0.94921875,0.955078125,0.955078125,0.0,-2.726854477336544e-06,0.0005324608327745488
-0.06,0.05,K,-3.15962238678537e-05,0.0038518407928527765,0.943359375,0.00017038967180717194,0.0023841875746178805,0.007499083781127815,0.9198386034432544,0.9602767735524707,0.9453125,0.955078125,0.955078125,0.0,-2.726854477336544e-06,0.0005324608327745488
-0.04000000000000001,0.05,D,-0.00850505992551961,0.01786549132161938,0.9296875,0.0006950196548293968,0.009949996245840158,0.03698634657917902,0.9041932796740074,0.9487819755641401,0.9296875,0.93359375,0.92578125,0.0,-1.208439998164652e-05,0.0005035309713772599
-0.04000000000000001,0.05,K,0.010571858354188654,0.021956709764189432,0.92578125,0.0008513060239390752,0.012601047540574298,0.04469989961747612,0.8997688824692767,0.945452052266706,0.92578125,0.93359375,0.92578125,0.0,-1.208439998164652e-05,0.0005035309713772599
-0.01999999999999999,0.05,D,-0.0026718816869211568,0.006609753540320184,0.939453125,0.00026744383288328146,0.0036318921523202288,0.013434725786491337,0.915340639807479,0.957020416686081,0.94140625,0.94921875,0.94921875,0.0,-1.8792486715334518e-06,0.00047476429104879387
-0.01999999999999999,0.05,K,0.006497165347297493,0.014909243017126398,0.9375,0.0005936262402379454,0.008479636116336266,0.03128128516305657,0.9131004927359689,0.9553834035065087,0.935546875,0.94921875,0.94921875,0.0,-1.8792486715334518e-06,0.00047476429104879387
0.0,0.05,D,0.00017975386785206107,0.0025344515830812322,0.931640625,0.00011183519267605693,0.0014979597990231674,0.005177224442507529,0.9064124998359672,0.9504399156532629,0.931640625,0.953125,0.953125,0.0,-3.637100795990199e-06,0.0004931562526591496
0.0,0.05,K,0.0056608745482805934,0.014002942197570189,0.9609375,0.0005665787902074667,0.009194853684887056,0.027681519703551698,0.9404368991207068,0.9745729201347606,0.96484375,0.953125,0.953125,0.0,-3.637100795990199e-06,0.0004931562526591496
0.01999999999999999,0.05,D,0.0023391377381359346,0.006241029345752501,0.958984375,0.0002559617217612637,0.003667075556347597,0.012368293885549417,0.9381136079604665,0.9730190510439184,0.95703125,0.951171875,0.955078125,0.0,1.3255664089627901e-05,0.0004986980911118022
0.01999999999999999,0.05,K,0.0062098544575660925,0.01502626809101586,0.9375,0.0006053034372871507,0.008387302982558093,0.03198796637753885,0.9131004927359689,0.9553834035065087,0.9375,0.951171875,0.955078125,0.0,1.3255664089627901e-05,0.0004986980911118022
0.04000000000000001,0.05,D,0.00836079567106359,0.01758786504727678,0.943359375,0.0006845086123972992,0.009034823054248268,0.03527111008447246,0.9198386034432544,0.9602767735524707,0.94140625,0.947265625,0.947265625,0.0,-2.2013961230713048e-05,0.0005073678827181879
0.04000000000000001,0.05,K,0.010339328368328186,0.021148771246971527,0.947265625,0.0008161395622236681,0.011478677647479969,0.04113657698190823,0.9243620032866211,0.963507694211269,0.947265625,0.947265625,0.947265625,0.0,-2.2013961230713048e-05,0.0005073678827181879
0.06,0.05,D,1.683036217309074e-05,0.003013523531035344,0.94921875,0.00013330835325286967,0.002016293196223755,0.005945185382938074,0.9266340388165446,0.9651128189324278,0.94921875,0.94921875,0.947265625,0.0,4.809832838463247e-06,0.0005046968676775439
0.06,0.05,K,-0.0003398573789041878,0.0038871225180427843,0.951171875,0.00017129767428034296,0.0027645913449261365,0.007072739163410927,0.9289134485442119,0.9667105694558431,0.953125,0.94921875,0.947265625,0.0,4.809832838463247e-06,0.0005046968676775439
0.06666666666666667,0.05,D,0.0003562042113110795,0.0027474934773504783,0.951171875,0.00012051616782935527,0.0018131446321791658,0.005375769773792431,0.9289134485442119,0.9667105694558431,0.951171875,0.955078125,0.9609375,0.0,7.286068184065217e-06,0.0004883361812750378
0.06666666666666667,0.05,K,4.939472813973066e-05,0.003524446515099279,0.955078125,0.00015589702180066148,0.0024965275695810925,0.00673843900109328,0.9334960572612445,0.9698822812409755,0.953125,0.955078125,0.9609375,0.0,7.286068184065217e-06,0.0004883361812750378
0.07999999999999999,0.05,D,0.00017924410672476383,0.002384011430425043,0.966796875,0.00010516394851713056,0.001635593002340445,0.004587668655908731,0.9474733440447254,0.9791679559639896,0.970703125,0.966796875,0.966796875,0.0,-2.648920154204664e-05,0.00047512194809370023
0.07999999999999999,0.05,K,0.0002447956727993429,0.003294600021336023,0.958984375,0.00014534165416949177,0.0023368656236272198,0.0063108337714924325,0.9381136079604665,0.9730190510439184,0.9609375,0.966796875,0.966796875,0.0,-2.648920154204664e-05,0.00047512194809370023
0.1,0.05,D,5.8728975373584116e-05,0.0023655950362696577,0.955078125,0.0001046155087143024,0.001712989870012581,0.004584990067863004,0.9334960572612445,0.9698822812409755,0.955078125,0.958984375,0.958984375,0.0,1.1940132523217265e-05,0.0005101405609064588
0.1,0.05,K,0.0002370588673815594,0.0031974716670599957,0.962890625,0.0001410585377303642,0.002131574703036855,0.006204488768584738,0.9427707550251679,0.976116224481382,0.962890625,0.958984375,0.958984375,0.0,1.1940132523217265e-05,0.0005101405609064588
0.12000000000000002,0.05,D,0.000132281200790072,0.0024334370838328414,0.943359375,0.00010748975034093709,0.0017331631092307107,0.004663807523979084,0.9198386034432544,0.9602767735524707,0.94140625,0.93359375,0.93359375,0.0,-1.3795291895379313e-05,0.0005234314782322822
0.12000000000000002,0.05,K,0.00010982481504130784,0.003290540541907647,0.943359375,0.00014548384465854657,0.0022037073386325136,0.006517775866828718,0.9198386034432544,0.9602767735524707,0.943359375,0.93359375,0.93359375,0.0,-1.3795291895379313e-05,0.0005234314782322822
0.13999999999999999,0.05,D,8.992975296101693e-05,0.002292004885771219,0.955078125,0.00010131425057576544,0.0015807912304276195,0.004315547842288843,0.9334960572612445,0.9698822812409755,0.955078125,0.955078125,0.95703125,0.0,1.4199204845977045e-05,0.0005039744107472208
0.13999999999999999,0.05,K,0.0002862010518297973,0.003125699340193296,0.955078125,0.0001376919426931551,0.0020527399535041936,0.006212321220477373,0.9334960572612445,0.9698822812409755,0.955078125,0.955078125,0.95703125,0.0,1.4199204845977045e-05,0.0005039744107472208
0.16,0.05,D,-0.00011648541759543641,0.0022644758195472484,0.935546875,0.0001000418883383991,0.0014678476175271349,0.004838941733548738,0.9108659024588599,0.9537408335325352,0.9375,0.95703125,0.953125,0.0,-3.331614290105777e-05,0.00048488219252487377
0.16,0.05,K,1.9585029862276236e-05,0.0031410457986652696,0.966796875,0.0001389489842598551,0.0021906429341445703,0.0059009334052449085,0.9474733440447254,0.9791679559639896,0.966796875,0.95703125,0.953125,0.0,-3.331614290105777e-05,0.00048488219252487377
-0.16,0.06,D,4.7422211026481535e-05,0.0023717813897510738,0.953125,0.00010490045691231621,0.0016680448657358932,0.0044829670089899815,0.9312006389371313,0.9683005393140062,0.951171875,0.95703125,0.95703125,0.0,3.814655619613114e-05,0.0004900719389059642
-0.16,0.06,K,0.00024374661002513716,0.003097570097234366,0.958984375,0.00013660353089291097,0.002152469677037954,0.006115305747403837,0.9381136079604665,0.9730190510439184,0.958984375,0.95703125,0.95703125,0.0,3.814655619613114e-05,0.0004900719389059642
-0.14,0.06,D,-5.7982072990447225e-05,0.0024519592023492993,0.947265625,0.0001084379574902254,0.0016457519640867557,0.004613890440496702,0.9243620032866211,0.963507694211269,0.94921875,0.953125,0.951171875,0.0,-5.251180170534305e-05,0.0004814024743891297
-0.14,0.06,K,-2.8954478388246572e-05,0.0031461574504234265,0.958984375,0.00013917191737271515,0.002140466609763053,0.006100093245334958,0.9381136079604665,0.9730190510439184,0.958984375,0.953125,0.951171875,0.0,-5.251180170534305e-05,0.0004814024743891297
-0.12,0.06,D,-4.081278856632231e-05,0.0024199664361485218,0.95703125,0.00010703778680932627,0.0015680860462723087,0.004652464698942381,0.9358001975831783,0.9714553011701242,0.953125,0.9375,0.935546875,0.0,-7.091948803927153e-06,0.0004805908857634065
-0.12,0.06,K,3.423184967372303e-05,0.0033558053222540987,0.94140625,0.00014844436346224805,0.002386237652667437,0.0066351629762675425,0.9175865885145797,0.9586516282300628,0.939453125,0.9375,0.935546875,0.0,-7.091948803927153e-06,0.0004805908857634065
-0.1,0.06,D,-0.0001786706546810919,0.0025553250639619367,0.951171875,0.00011276426218080722,0.0018009026586098195,0.004854650554904523,0.9289134485442119,0.9667105694558431,0.94921875,0.93359375,0.93359375,0.0,-9.143648736810193e-06,0.0005003120104962945
-0.1,0.06,K,-2.2424641800042203e-05,0.0034627962313551635,0.923828125,0.00015318187439928012,0.002230508350788897,0.007056705665568383,0.8975633728664396,0.9437804016184606,0.923828125,0.93359375,0.93359375,0.0,-9.143648736810193e-06,0.0005003120104962945
-0.08,0.06,D,-0.0003188923432041256,0.0027879381975795476,0.951171875,0.00012252167080946535,0.0018771653200444077,0.005378013053869264,0.9289134485442119,0.9667105694558431,0.951171875,0.9375,0.9375,0.0,-6.647988892351895e-06,0.000499642009443355
-0.08,0.06,K,0.00021691147453703962,0.0036103434900538714,0.9453125,0.00015942367784464078,0.0022068784507514906,0.007276892439905802,0.9220969712394934,0.9618955660073142,0.9453125,0.9375,0.9375,0.0,-6.647988892351895e-06,0.000499642009443355
-0.06666666666666667,0.06,D,5.266099337585564e-05,0.003367045595397055,0.94921875,0.00014893110912986713,0.0020336637457530685,0.006673744989575471,0.9266340388165446,0.9651128189324278,0.94921875,0.939453125,0.94140625,0.0,-1.906006851342758e-05,0.0004870822473755928
-0.06666666666666667,0.06,K,-0.00014819340976820875,0.004187865336179902,0.943359375,0.00018514422783955813,0.002697784411269055,0.008116324896420819,0.9198386034432544,0.9602767735524707,0.94140625,0.939453125,0.94140625,0.0,-1.906006851342758e-05,0.0004870822473755928
-0.06,0.06,D,-0.00150513106579147,0.011373092093654774,0.9296875,0.0004986906618479716,0.00332088189486502,0.016038131641992394,0.9041932796740074,0.9487819755641401,0.9296875,0.9140625,0.919921875,0.0,-1.4024300104017117e-05,0.0005299822139764288
-0.06,0.06,K,0.0013993223555836564,0.01260856357820217,0.921875,0.0005543243493190645,0.003621315551541847,0.016246378726171407,0.8953621180192555,0.9421044962145622,0.921875,0.9140625,0.919921875,0.0,-1.4024300104017117e-05,0.0005299822139764288
-0.04000000000000001,0.06,D,-0.0053715234903904075,0.01286112986097608,0.92578125,0.0005169445773702949,0.007252953547634167,0.027764707033985325,0.8997688824692767,0.945452052266706,0.923828125,0.943359375,0.94140625,0.0,-2.2325678981804443e-05,0.0005058479624702533
-0.04000000000000001,0.06,K,0.008020814367755839,0.019203582961231317,0.9375,0.000771868568437067,0.010133778174598158,0.03895061855501927,0.9131004927359689,0.9553834035065087,0.9375,0.943359375,0.94140625,0.0,-2.2325678981804443e-05,0.0005058479624702533
-0.01999999999999999,0.06,D,-0.0021672549187792796,0.0060135863284756655,0.943359375,0.0002481486307623515,0.0035837616145914485,0.012377381868448426,0.9198386034432544,0.9602767735524707,0.943359375,0.939453125,0.939453125,0.0,4.441500178265619e-05,0.0005155152444628066
-0.01999999999999999,0.06,K,0.006749638383562529,0.016466672389299223,0.923828125,0.0006644357865272608,0.009984998491162043,0.03560930525253461,0.8975633728664396,0.9437804016184606,0.923828125,0.939453125,0.939453125,0.0,4.441500178265619e-05,0.0005155152444628066
0.0,0.06,D,-0.00029613262090936006,0.002598371502766803,0.94140625,0.00011419624624310386,0.0016582332795700243,0.005121077162379864,0.9175865885145797,0.9586516282300628,0.94140625,0.92578125,0.927734375,0.0,-4.805315535980786e-06,0.0005069305862058499
0.0,0.06,K,0.005767993536408344,0.015758954028291285,0.92578125,0.0006487604960781179,0.009868499167163352,0.03176335244598773,0.8997688824692767,0.945452052266706,0.927734375,0.92578125,0.927734375,0.0,-4.805315535980786e-06,0.0005069305862058499
0.01999999999999999,0.06,D,0.0022686531943109413,0.005801054009438734,0.9375,0.00023618560607571756,0.0034262063236680136,0.011358436326530674,0.9131004927359689,0.9553834035065087,0.9375,0.953125,0.953125,0.0,-1.0966828528149601e-06,0.0004930258110899672
0.01999999999999999,0.06,K,0.0067138963749477564,0.015913059954754342,0.94140625,0.0006382293764524386,0.009568320045724714,0.032739594432733915,0.9175865885145797,0.9586516282300628,0.94140625,0.953125,0.953125,0.0,-1.0966828528149601e-06,0.0004930258110899672
0.04000000000000001,0.06,D,0.005237139136051045,0.012598103887105375,0.94921875,0.0005068698216366722,0.007229906238785316,0.024171553790806325,0.9266340388165446,0.9651128189324278,0.947265625,0.95703125,0.95703125,0.0,1.136046145107318e-06,0.0004885604374286405
0.04000000000000001,0.06,K,0.007708501279185351,0.018133767838261067,0.935546875,0.0007261033766501014,0.010733706128575403,0.03678129310377825,0.9108659024588599,0.9537408335325352,0.935546875,0.95703125,0.95703125,0.0,1.136046145107318e-06,0.0004885604374286405
0.06,0.06,D,0.0012012731340213004,0.009193497408939603,0.955078125,0.00040320957307010626,0.0031052220978332636,0.012879223962883119,0.9334960572612445,0.9698822812409755,0.953125,0.94921875,0.951171875,0.0,-3.188941205041333e-05,0.0005055243901610748
0.06,0.06,K,0.001209575140863732,0.01029930595382036,0.95703125,0.00045246148079449556,0.003729211904784948,0.013758652392492014,0.9358001975831783,0.9714553011701242,0.955078125,0.94921875,0.951171875,0.0,-3.188941205041333e-05,0.0005055243901610748
0.06666666666666667,0.06,D,0.00021287877849266213,0.0035163586728917872,0.94140625,0.0001552692311220935,0.0023497791797581977,0.006731407604534618,0.9175865885145797,0.9586516282300628,0.94140625,0.9453125,0.9453125,0.0,3.194701665742259e-05,0.00047392438920230284
0.06666666666666667,0.06,K,9.873651935201979e-05,0.004171459429024952,0.947265625,0.00018448280096198033,0.002665648593157297,0.00793539893919114,0.9243620032866211,0.963507694211269,0.947265625,0.9453125,0.9453125,0.0,3.194701665742259e-05,0.00047392438920230284
0.07999999999999999,0.06,D,0.0001352602615784617,0.00268398506012227,0.95703125,0.00011858164109956267,0.0017589497866218745,0.005111549597560074,0.9358001975831783,0.9714553011701242,0.9609375,0.94921875,0.94921875,0.0,-3.916921088548292e-05,0.0004939638432252902
0.07999999999999999,0.06,K,6.460197405253945e-05,0.003529908745802771,0.96484375,0.00015612781618776472,0.0025313086861012274,0.006662685793542582,0.9451159458429383,0.9776481939146942,0.96484375,0.94921875,0.94921875,0.0,-3.916921088548292e-05,0.0004939638432252902
0.1,0.06,D,-2.4600678380645415e-05,0.002422934147886745,0.958984375,0.0001071787713341335,0.0016589921170683045,0.004657014447076633,0.9381136079604665,0.9730190510439184,0.958984375,0.9609375,0.9609375,0.0,-7.221143165591474e-06,0.00048119218412345983
0.1,0.06,K,-0.00010853410118111228,0.003362995693413374,0.947265625,0.00014869267470969875,0.0022302308963878387,0.006619318527492359,0.9243620032866211,0.963507694211269,0.947265625,0.9609375,0.9609375,0.0,-7.221143165591474e-06,0.00048119218412345983
0.12000000000000002,0.06,D,0.0001899881467323769,0.0024412667881626325,0.953125,0.00010766775047043652,0.001632763120449049,0.004648038776273973,0.9312006389371313,0.9683005393140062,0.953125,0.943359375,0.9453125,0.0,-7.888184989907903e-06,0.0005294143357570276
0.12000000000000002,0.06,K,5.095682549006604e-05,0.003299331917164121,0.943359375,0.000145936442359406,0.0020248084894264155,0.006901255441151626,0.9198386034432544,0.9602767735524707,0.94140625,0.943359375,0.9453125,0.0,-7.888184989907903e-06,0.0005294143357570276
0.13999999999999999,0.06,D,0.00013466887623040996,0.002256933099790161,0.9609375,9.966294773917326e-05,0.0015402570372073515,0.0044123808284920974,0.9404368991207068,0.9745729201347606,0.962890625,0.953125,0.955078125,0.0,7.068795535501767e-06,0.0005244824745493597
0.13999999999999999,0.06,K,-0.00020895319444884413,0.003300275840180541,0.951171875,0.00014570269157536956,0.0022554659528313606,0.006289136654957253,0.9289134485442119,0.9667105694558431,0.951171875,0.953125,0.955078125,0.0,7.068795535501767e-06,0.0005244824745493597
0.16,0.06,D,-7.122878840051057e-06,0.002394257561715986,0.939453125,0.00010591525002902458,0.001566704744578637,0.004707479598568724,0.915340639807479,0.957020416686081,0.939453125,0.9453125,0.943359375,0.0,2.1984546244340815e-05,0.00047058357887956945
0.16,0.06,K,0.000168237240871379,0.0032178589636758484,0.94921875,0.0001421550140699612,0.0022495766727182835,0.006315943482880724,0.9266340388165446,0.9651128189324278,0.951171875,0.9453125,0.943359375,0.0,2.1984546244340815e-05,0.00047058357887956945
-0.16,0.06999999999999999,D,8.551593997379773e-05,0.0022256165866032084,0.97265625,9.838277630923285e-05,0.0014864481714769173,0.004210869966231733,0.9546295060012657,0.9836432747606967,0.970703125,0.96484375,0.966796875,0.0,-2.6635413432731008e-05,0.00048469025455911155
-0.16,0.06999999999999999,K,-0.0001466084150774133,0.003071210867880811,0.955078125,0.00013570748275597836,0.0020759169495003366,0.006168775974416315,0.9334960572612445,0.9698822812409755,0.953125,0.96484375,0.966796875,0.0,-2.6635413432731008e-05,0.00048469025455911155
-0.14,0.06999999999999999,D,9.211300895207243e-05,0.0024780131432182405,0.939453125,0.00010954508612180085,0.0016568575144276787,0.0049811507332742444,0.915340639807479,0.957020416686081,0.9375,0.96484375,0.962890625,0.0,4.665649210543624e-06,0.0004910710977630641
-0.14,0.06999999999999999,K,-6.333081276973799e-05,0.0033203575678837794,0.955078125,0.00014685725051518127,0.002463523820902133,0.00629181398454625,0.9334960572612445,0.9698822812409755,0.95703125,0.96484375,0.962890625,0.0,4.665649210543624e-06,0.0004910710977630641
-0.12,0.06999999999999999,D,-4.981986614643281e-05,0.0024202190458747705,0.958984375,0.00010704150127867434,0.0015600689945700214,0.004625222230098847,0.9381136079604665,0.9730190510439184,0.958984375,0.953125,0.951171875,0.0,-2.5658383352070835e-05,0.0005004258694513453
-0.12,0.06999999999999999,K,5.7772240343874104e-05,0.0033094357658926955,0.955078125,0.0001463785100789936,0.002243287113600008,0.006445377287940109,0.9334960572612445,0.9698822812409755,0.951171875,0.953125,0.951171875,0.0,-2.5658383352070835e-05,0.0005004258694513453
-0.1,0.06999999999999999,D,-9.017935296664934e-05,0.002734237807482083,0.939453125,0.00012088975482743218,0.0019048269009312863,0.0054229658446454405,0.915340639807479,0.957020416686081,0.94140625,0.9296875,0.9296875,0.0,-6.389372123594562e-06,0.0004726110419860386
-0.1,0.06999999999999999,K,9.623071775609576e-05,0.0036643337535613536,0.931640625,0.00016204467448594173,0.002301795444177468,0.0071535070784468245,0.9064124998359672,0.9504399156532629,0.931640625,0.9296875,0.9296875,0.0,-6.389372123594562e-06,0.0004726110419860386
-0.08,0.06999999999999999,D,-5.088345428141082e-05,0.0031664912056338992,0.955078125,0.00014005923704448004,0.0023691766580626397,0.006248462819018521,0.9334960572612445,0.9698822812409755,0.955078125,0.962890625,0.96484375,0.0,-3.3212150343490065e-05,0.0004953013123785873
-0.08,0.06999999999999999,K,-3.213043481955206e-05,0.004044432991358746,0.953125,0.00017890953588018635,0.002597586398074385,0.007889865449741863,0.9312006389371313,0.9683005393140062,0.951171875,0.962890625,0.96484375,0.0,-3.3212150343490065e-05,0.0004953013123785873
-0.06666666666666667,0.06999999999999999,D,-0.006595004064746214,0.021982274653448503,0.9296875,0.0009276428056129847,0.005125078989531049,0.05019017545018783,0.9041932796740074,0.9487819755641401,0.927734375,0.943359375,0.943359375,0.001953125,-1.4339393733046085e-05,0.0005064277353671068
-0.06666666666666667,0.06999999999999999,K,0.007043290670780844,0.023993685962639524,0.92578125,0.0010146567991011271,0.005578936544819328,0.052877442683366825,0.8997688824692767,0.945452052266706,0.92578125,0.943359375,0.943359375,0.001953125,-1.4339393733046085e-05,0.0005064277353671068
-0.06,0.06999999999999999,D,-0.010326710734775112,0.02380315389463788,0.91796875,0.0009487340217859366,0.013114003712339277,0.04861172046545234,0.8909718133445638,0.938740480387089,0.919921875,0.9453125,0.9453125,0.0,-3.876340251764006e-05,0.00048516515002750753
-0.06,0.06999999999999999,K,0.011958134615111098,0.02739748002242426,0.919921875,0.0010904539783396397,0.015633166879432024,0.0561246575886442,0.8931649760362443,0.9404244779464908,0.916015625,0.9453125,0.9453125,0.0,-3.876340251764006e-05,0.00048516515002750753
-0.04000000000000001,0.06999999999999999,D,-0.0037374452603644095,0.010733061138936692,0.931640625,0.00044508646961716,0.0061355852410101795,0.02193348718142484,0.9064124998359672,0.9504399156532629,0.9296875,0.9453125,0.9453125,0.0,-4.931762941385304e-06,0.000499373200320677
-0.04000000000000001,0.06999999999999999,K,0.006572014752877726,0.018315079504751995,0.921875,0.0007562534589894782,0.010207774877853848,0.03892991850806924,0.8953621180192555,0.9421044962145622,0.923828125,0.9453125,0.9453125,0.0,-4.931762941385304e-06,0.000499373200320677
-0.01999999999999999,0.06999999999999999,D,-0.0019736468394334476,0.005149051447522535,0.958984375,0.00021038334669919265,0.003445420968155706,0.010653330461164992,0.9381136079604665,0.9730190510439184,0.958984375,0.953125,0.953125,0.0,-1.2624973025159679e-05,0.0004874741240760834
-0.01999999999999999,0.06999999999999999,K,0.0067997633866792775,0.01618816805036222,0.955078125,0.0006498833294538667,0.010995760370575893,0.03203661638470906,0.9334960572612445,0.9698822812409755,0.955078125,0.953125,0.953125,0.0,-1.2624973025159679e-05,0.0004874741240760834
0.0,0.06999999999999999,D,-0.00010146909206392284,0.0023848627473056347,0.95703125,0.00010540458207957414,0.001512874087510955,0.004617044420465723,0.9358001975831783,0.9714553011701242,0.95703125,0.951171875,0.951171875,0.0,-3.1950589991068415e-05,0.00047981678107915886
0.0,0.06999999999999999,K,0.006279186212595008,0.016354886309506243,0.951171875,0.0006680493066637499,0.00980957569127898,0.03212875321463269,0.9289134485442119,0.9667105694558431,0.94921875,0.951171875,0.951171875,0.0,-3.1950589991068415e-05,0.00047981678107915886
0.01999999999999999,0.06999999999999999,D,0.0016140671715639057,0.005391855658486782,0.947265625,0.00022758364242769463,0.0031949584010462044,0.010830379205427258,0.9243620032866211,0.963507694211269,0.951171875,0.955078125,0.955078125,0.0,-1.2517210531119423e-05,0.0005117172540647327
0.01999999999999999,0.06999999999999999,K,0.005835371224004182,0.016441623246122004,0.943359375,0.0006799841969579083,0.010117887847627495,0.03296336853261237,0.9198386034432544,0.9602767735524707,0.94140625,0.955078125,0.955078125,0.0,-1.2517210531119423e-05,0.0005117172540647327
0.04000000000000001,0.06999999999999999,D,0.0035515646636650575,0.010416527938572577,0.943359375,0.0004331887923455927,0.0067665190466143395,0.02129275457845593,0.9198386034432544,0.9602767735524707,0.943359375,0.94140625,0.94140625,0.0,-2.982878085953861e-05,0.0005075444111436321
0.04000000000000001,0.06999999999999999,K,0.006571872252342085,0.01788646578606218,0.955078125,0.0007359062645242834,0.011338998099682984,0.036735206879279204,0.9334960572612445,0.9698822812409755,0.951171875,0.94140625,0.94140625,0.0,-2.982878085953861e-05,0.0005075444111436321
0.06,0.06999999999999999,D,0.009835542306278174,0.023377674740015713,0.931640625,0.0009381851404243591,0.01303838446565132,0.047132629138119345,0.9064124998359672,0.9504399156532629,0.93359375,0.939453125,0.939453125,0.0,1.0553277313537441e-05,0.0004724067757687947
0.06,0.06999999999999999,K,0.011660733292368303,0.0269079205224595,0.931640625,0.0010727577406441945,0.01545985801547397,0.05349829817967988,0.9064124998359672,0.9504399156532629,0.9296875,0.939453125,0.939453125,0.0,1.0553277313537441e-05,0.0004724067757687947
0.06666666666666667,0.06999999999999999,D,0.005032099064252493,0.018055950353395113,0.951171875,0.0007671015952786806,0.004689939671591484,0.05021297613614985,0.9289134485442119,0.9667105694558431,0.951171875,0.9375,0.939453125,0.0,-4.7486099113114267e-07,0.0004972149709167619
0.06666666666666667,0.06999999999999999,K,0.005274812753850319,0.02006035365263423,0.9375,0.0008561897789248411,0.005342506000356392,0.05385937074451566,0.9131004927359689,0.9553834035065087,0.9375,0.9375,0.939453125,0.0,-4.7486099113114267e-07,0.0004972149709167619
0.07999999999999999,0.06999999999999999,D,0.0001878001188262309,0.0032460313645959206,0.953125,0.00014335544711599355,0.002232867181710292,0.006297395641188346,0.9312006389371313,0.9683005393140062,0.94921875,0.95703125,0.955078125,0.0,9.469192851428959e-07,0.0005112942835805367
0.07999999999999999,0.06999999999999999,K,2.5487161301737194e-07,0.0037313125453101877,0.962890625,0.0001650635484919748,0.0023994369985333025,0.007535748399686107,0.9427707550251679,0.976116224481382,0.962890625,0.95703125,0.955078125,0.0,9.469192851428959e-07,0.0005112942835805367
0.1,0.06999999999999999,D,0.00024791173838153643,0.002559627532283087,0.958984375,0.0001126989033054491,0.0017598550259878484,0.0048890842612288226,0.9381136079604665,0.9730190510439184,0.958984375,0.943359375,0.9453125,0.0,-2.8672252621097583e-05,0.0004897483047933949
0.1,0.06999999999999999,K,1.296745800896566e-05,0.0034230801500924864,0.947265625,0.00015142706393752632,0.002189589526376684,0.006837292158195485,0.9243620032866211,0.963507694211269,0.947265625,0.943359375,0.9453125,0.0,-2.8672252621097583e-05,0.0004897483047933949
0.12000000000000002,0.06999999999999999,D,-1.96477379958162e-05,0.0025098578313810607,0.953125,0.00011102617152489981,0.0016605004764710732,0.004813280634943895,0.9312006389371313,0.9683005393140062,0.953125,0.92578125,0.927734375,0.0,-3.412154512478652e-05,0.00048165656409151575
0.12000000000000002,0.06999999999999999,K,4.0088883191930085e-05,0.0035203392604412132,0.939453125,0.0001557205421913509,0.002283653821865163,0.007005139919559755,0.915340639807479,0.957020416686081,0.94140625,0.92578125,0.927734375,0.0,-3.412154512478652e-05,0.00048165656409151575
0.13999999999999999,0.06999999999999999,D,9.603187752614068e-05,0.002389781501657229,0.9453125,0.00010563231937526787,0.001496249936424554,0.004830588762406204,0.9220969712394934,0.9618955660073142,0.9453125,0.9375,0.939453125,0.0,1.2192519716407383e-05,0.0005111441037701779
0.13999999999999999,0.06999999999999999,K,-0.0001252042356714475,0.0032412052498347966,0.953125,0.00014327546150245282,0.002175906569435705,0.006308293869711863,0.9312006389371313,0.9683005393140062,0.951171875,0.9375,0.939453125,0.0,1.2192519716407383e-05,0.0005111441037701779
0.16,0.06999999999999999,D,7.538969900565e-05,0.002451432485813617,0.947265625,0.0001083936944912037,0.00170913262606269,0.004731073422004228,0.9243620032866211,0.963507694211269,0.947265625,0.9375,0.9375,0.0,-4.103879309351378e-05,0.0005211879713301819
0.16,0.06999999999999999,K,-3.383977482680962e-05,0.0032637863654507333,0.94921875,0.00014437364757927934,0.0021812285737547246,0.006331968368260406,0.9266340388165446,0.9651128189324278,0.94921875,0.9375,0.9375,0.0,-4.103879309351378e-05,0.0005211879713301819
-0.16,0.07999999999999999,D,-0.00014508887011714574,0.0022547310996023423,0.958984375,9.953671107598488e-05,0.0015021993061288957,0.004462450824177083,0.9381136079604665,0.9730190510439184,0.958984375,0.94921875,0.951171875,0.0,-1.8240305737376105e-05,0.0004966188034421462
-0.16,0.07999999999999999,K,-4.799790843021878e-05,0.0033354252244065428,0.939453125,0.00014753524656584314,0.0023213551376591104,0.006539107451302523,0.915340639807479,0.957020416686081,0.939453125,0.94921875,0.951171875,0.0,-1.8240305737376105e-05,0.0004966188034421462
-0.14,0.07999999999999999,D,-4.744590042341228e-05,0.002485824557882486,0.95703125,0.00010994637208230214,0.001745910969963474,0.004675529949357746,0.9358001975831783,0.9714553011701242,0.95703125,0.95703125,0.95703125,0.0,6.561250099992901e-06,0.0005120353170017587
-0.14,0.07999999999999999,K,0.00010244363480273617,0.00328201361460278,0.94921875,0.00014511698950200853,0.002211524014810534,0.006582377465064858,0.9266340388165446,0.9651128189324278,0.94921875,0.95703125,0.95703125,0.0,6.561250099992901e-06,0.0005120353170017587
-0.12,0.07999999999999999,D,-0.00015071413513362852,0.002684126166888304,0.9375,0.00011855142087663779,0.001820089636567289,0.005207840125161238,0.9131004927359689,0.9553834035065087,0.939453125,0.9453125,0.9453125,0.0,3.559504041814397e-05,0.0004937549673354659
-0.12,0.07999999999999999,K,0.00010899058548066072,0.0035384745703440136,0.93359375,0.00015645862721447868,0.002294452535360564,0.006967610353500951,0.9086366418684898,0.9520929338718228,0.935546875,0.9453125,0.9453125,0.0,3.559504041814397e-05,0.0004937549673354659
-0.1,0.07999999999999999,D,-2.5695051539504276e-05,0.002973665973176844,0.94921875,0.00013154232674969835,0.0019917426598384247,0.005702327655094348,0.9266340388165446,0.9651128189324278,0.9453125,0.9453125,0.94140625,0.0,-2.921544424213972e-05,0.0005054762459662087
-0.1,0.07999999999999999,K,-0.00018172894999960308,0.0035794042721542653,0.95703125,0.00015813931243518204,0.0025047307804140773,0.006832025621600813,0.9358001975831783,0.9714553011701242,0.95703125,0.9453125,0.94140625,0.0,-2.921544424213972e-05,0.0005054762459662087
-0.08,0.07999999999999999,D,-0.0012923712269778801,0.010061820183115569,0.955078125,0.00044142183101245275,0.003145199458853422,0.011571719894566207,0.9334960572612445,0.9698822812409755,0.955078125,0.9453125,0.947265625,0.0,2.1628665523074642e-05,0.0005051731523149286
-0.08,0.07999999999999999,K,0.0012161126856883606,0.011090570620393333,0.9375,0.00048765950598764744,0.0038325305957843878,0.013443747105501246,0.9131004927359689,0.9553834035065087,0.9375,0.9453125,0.947265625,0.0,2.1628665523074642e-05,0.0005051731523149286
-0.06666666666666667,0.07999999999999999,D,-0.008814063852644483,0.02117163785280571,0.951171875,0.0008515561072876105,0.013775281944917114,0.042440434200011354,0.9289134485442119,0.9667105694558431,0.955078125,0.94140625,0.94140625,0.0,-1.9030263869461924e-05,0.000522067025296443
-0.06666666666666667,0.07999999999999999,K,0.010853518518986749,0.02539129400283143,0.947265625,0.0010154568124530982,0.016625655113186796,0.049586610537869204,0.9243620032866211,0.963507694211269,0.947265625,0.94140625,0.94140625,0.0,-1.9030263869461924e-05,0.000522067025296443
-0.06,0.07999999999999999,D,-0.007116829681974739,0.017341192540223312,0.9453125,0.000699549329338402,0.010515615270750116,0.03390944714460374,0.9220969712394934,0.9618955660073142,0.9453125,0.9453125,0.94140625,0.0,1.664048884372913e-05,0.0004913720512494907
-0.06,0.07999999999999999,K,0.009456000062197718,0.022554651798658294,0.947265625,0.0009058371057737419,0.013172026220184763,0.04435307805823684,0.9243620032866211,0.963507694211269,0.947265625,0.9453125,0.94140625,0.0,1.664048884372913e-05,0.0004913720512494907
-0.04000000000000001,0.07999999999999999,D,-0.002777317586840619,0.00949584689299398,0.93359375,0.00040170287048828864,0.005566486443125726,0.018861165271520434,0.9086366418684898,0.9520929338718228,0.93359375,0.935546875,0.931640625,0.0,2.873045204717426e-05,0.000529503388493903
-0.04000000000000001,0.07999999999999999,K,0.00565665136935598,0.018735862109410126,0.931640625,0.0007901482734697998,0.010841896231943482,0.0381792226416598,0.9064124998359672,0.9504399156532629,0.931640625,0.935546875,0.931640625,0.0,2.873045204717426e-05,0.000529503388493903
-0.01999999999999999,0.07999999999999999,D,-0.0012901868828195974,0.00481889099980847,0.955078125,0.0002053926995019046,0.002893658199346576,0.009405367984489139,0.9334960572612445,0.9698822812409755,0.955078125,0.94140625,0.943359375,0.0,4.867088246061425e-07,0.0005016192693883556
-0.01999999999999999,0.07999999999999999,K,0.005825989758658339,0.017319282306381516,0.94921875,0.000721510948500819,0.010309192682023821,0.033886056508397426,0.9266340388165446,0.9651128189324278,0.94921875,0.94140625,0.943359375,0.0,4.867088246061425e-07,0.0005016192693883556
0.0,0.07999999999999999,D,0.00016963908250288237,0.002357261021704286,0.955078125,0.00010400871281181622,0.0015742253181287398,0.004479308449073719,0.9334960572612445,0.9698822812409755,0.955078125,0.94921875,0.953125,0.0,-6.238603480790314e-06,0.0005038464842912821
0.0,0.07999999999999999,K,0.00494443446929324,0.016888266382900845,0.931640625,0.0007143567018327696,0.009713543440003691,0.03567888080571298,0.9064124998359672,0.9504399156532629,0.9296875,0.94921875,0.953125,0.0,-6.238603480790314e-06,0.0005038464842912821
0.01999999999999999,0.07999999999999999,D,0.0015866174618246365,0.005066716430001243,0.94140625,0.0002128653663964876,0.0030053716356287143,0.009771909550428674,0.9175865885145797,0.9586516282300628,0.943359375,0.935546875,0.93359375,0.0,3.6470522031569185e-05,0.0004956792245043153
0.01999999999999999,0.07999999999999999,K,0.005973361501323389,0.017370712001948896,0.955078125,0.0007215722502880979,0.009849407197473035,0.03364399080893041,0.9334960572612445,0.9698822812409755,0.955078125,0.935546875,0.93359375,0.0,3.6470522031569185e-05,0.0004956792245043153
0.04000000000000001,0.07999999999999999,D,0.0033924183407648837,0.009098997444277897,0.974609375,0.0003734937192267039,0.005791963480278672,0.017907815195822633,0.9570473392668004,0.9851026017462445,0.974609375,0.958984375,0.958984375,0.0,-5.9512033099409155e-06,0.0004986758485316232
0.04000000000000001,0.07999999999999999,K,0.0069446481974105535,0.017637091792977906,0.962890625,0.0007171901962172644,0.011627511570858881,0.034096572934881844,0.9427707550251679,0.976116224481382,0.9609375,0.958984375,0.958984375,0.0,-5.9512033099409155e-06,0.0004986758485316232
0.06,0.07999999999999999,D,0.007882951991206675,0.01832708119073013,0.947265625,0.0007319129867063989,0.01045874913235655,0.03532169807724218,0.9243620032866211,0.963507694211269,0.9453125,0.94140625,0.94140625,0.0,-2.1475831828440825e-05,0.0005164608353560274
0.06,0.07999999999999999,K,0.010286028424275522,0.023553153485174415,0.947265625,0.000937320011007754,0.013681236693317965,0.04464298285721775,0.9243620032866211,0.963507694211269,0.943359375,0.94140625,0.94140625,0.0,-2.1475831828440825e-05,0.0005164608353560274
0.06666666666666667,0.07999999999999999,D,0.010218636143477637,0.022365447841777106,0.921875,0.000880082646593244,0.012564613280741266,0.04908758012501365,0.8953621180192555,0.9421044962145622,0.919921875,0.931640625,0.931640625,0.0,-6.560393449591448e-06,0.0005092634042836492
0.06666666666666667,0.07999999999999999,K,0.012326059201916005,0.026518159898185453,0.921875,0.001038666415917534,0.015568071971048772,0.059501605839289776,0.8953621180192555,0.9421044962145622,0.923828125,0.931640625,0.931640625,0.0,-6.560393449591448e-06,0.0005092634042836492
0.07999999999999999,0.07999999999999999,D,0.001434053456449329,0.011725958819305965,0.939453125,0.0005148320663937801,0.0032400189965050424,0.011152125022372618,0.915340639807479,0.957020416686081,0.94140625,0.943359375,0.947265625,0.0,-6.250249960892672e-06,0.0004932336949111686
0.07999999999999999,0.07999999999999999,K,0.001210409612304258,0.012609323165476567,0.951171875,0.0005552276718930212,0.003594184967732686,0.012255687342609107,0.9289134485442119,0.9667105694558431,0.951171875,0.943359375,0.947265625,0.0,-6.250249960892672e-06,0.0004932336949111686
0.1,0.07999999999999999,D,0.00026411580664150597,0.002773364830179188,0.958984375,0.00012212882840631893,0.001812731122397021,0.005514230792192899,0.9381136079604665,0.9730190510439184,0.958984375,0.958984375,0.9609375,0.0,-1.980140420303924e-05,0.0005002673690081605
0.1,0.07999999999999999,K,0.00020591616529478787,0.0036709905446923436,0.943359375,0.00016213937924374725,0.0023677200951439173,0.007335026393638999,0.9198386034432544,0.9602767735524707,0.9453125,0.958984375,0.9609375,0.0,-1.980140420303924e-05,0.0005002673690081605
0.12000000000000002,0.07999999999999999,D,0.00018410923906297643,0.0024902243786960525,0.96484375,0.00010985955492760725,0.0018266554218763845,0.0048462216428624754,0.9451159458429383,0.9776481939146942,0.962890625,0.96484375,0.970703125,0.0,-2.9796160411044268e-05,0.00048135481907329587
0.12000000000000002,0.07999999999999999,K,0.00017383613357511293,0.0032340344334067903,0.97265625,0.00014285843248524666,0.002395062952371532,0.006129988097144021,0.9546295060012657,0.9836432747606967,0.96875,0.96484375,0.970703125,0.0,-2.9796160411044268e-05,0.00048135481907329587
0.13999999999999999,0.07999999999999999,D,-7.163429752735106e-05,0.002373671151169688,0.95703125,0.00010495720180152415,0.0015808768617932428,0.004552116645500418,0.9358001975831783,0.9714553011701242,0.9609375,0.9609375,0.962890625,0.0,-3.788835100364652e-05,0.0004864138544817225
0.13999999999999999,0.07999999999999999,K,-0.00013293139616037068,0.0033193144787715717,0.9453125,0.00014672002874664298,0.0023727283889870207,0.006598306354730067,0.9220969712394934,0.9618955660073142,0.9453125,0.9609375,0.962890625,0.0,-3.788835100364652e-05,0.0004864138544817225
0.16,0.07999999999999999,D,-0.00018689956666714818,0.0023156770404617025,0.95703125,0.0001021053205889181,0.0015399468950989953,0.00460122366958042,0.9358001975831783,0.9714553011701242,0.95703125,0.9609375,0.9609375,0.0,-2.4294497308828268e-05,0.0004907595489785404
0.16,0.07999999999999999,K,5.6778822657608055e-05,0.0032124392817290473,0.951171875,0.00014208774819825178,0.002132924701459385,0.006391818177575561,0.9289134485442119,0.9667105694558431,0.953125,0.9609375,0.9609375,0.0,-2.4294497308828268e-05,0.0004907595489785404
-0.16,0.09,D,-2.8965537434153216e-05,0.002387171435248257,0.94921875,0.00010559447276670044,0.0015762498059741226,0.004818484398967695,0.9266340388165446,0.9651128189324278,0.947265625,0.9453125,0.94140625,0.0,-1.5001044373596934e-05,0.0004918828782000644
-0.16,0.09,K,-7.73499296593866e-05,0.0033457488477133548,0.935546875,0.00014796765619736605,0.0021870672146209885,0.006950406176214569,0.9108659024588599,0.9537408335325352,0.935546875,0.9453125,0.94140625,0.0,-1.5001044373596934e-05,0.0004918828782000644
-0.14,0.09,D,-0.0002709120856373566,0.002522716897017484,0.955078125,0.0001109530602285336,0.0017620446417424274,0.0049078081846512765,0.9334960572612445,0.9698822812409755,0.958984375,0.9609375,0.962890625,0.0,-1.7563143923506394e-05,0.0005096308640157322
-0.14,0.09,K,0.00016736979472713144,0.003246726976305041,0.951171875,0.00014343577908282036,0.0021333275565120075,0.006492117273898364,0.9289134485442119,0.9667105694558431,0.953125,0.9609375,0.962890625,0.0,-1.7563143923506394e-05,0.0005096308640157322
-0.12,0.09,D,1.5214479644838435e-05,0.0026505064614208897,0.96484375,0.00011724957092409583,0.0019182137789059278,0.00492973626948855,0.9451159458429383,0.9776481939146942,0.96484375,0.96484375,0.96484375,0.0,-4.12172522405801e-05,0.00047643141027500443
-0.12,0.09,K,-1.8054086493510013e-05,0.003508041136246385,0.958984375,0.0001551845480709839,0.0024049301669732473,0.006643172817054712,0.9381136079604665,0.9730190510439184,0.9609375,0.96484375,0.96484375,0.0,-4.12172522405801e-05,0.00047643141027500443
-0.1,0.09,D,-4.380078605484023e-05,0.0034583665961973324,0.947265625,0.0001529768602587568,0.00230595540888575,0.006667845590947508,0.9243620032866211,0.963507694211269,0.951171875,0.93359375,0.935546875,0.0,7.692025637258775e-06,0.0005217553867790219
-0.1,0.09,K,-0.0002571445524116025,0.004075918709144738,0.9453125,0.00017994884032003847,0.002901367843340108,0.008066595095172373,0.9220969712394934,0.9618955660073142,0.943359375,0.93359375,0.935546875,0.0,7.692025637258775e-06,0.0005217553867790219
-0.08,0.09,D,-0.011205360052515899,0.02727077866583124,0.94140625,0.001099844567504764,0.014379386889488505,0.056417536461841986,0.9175865885145797,0.9586516282300628,0.943359375,0.92578125,0.927734375,0.0,1.8826189577411074e-05,0.0004946519712864779
-0.08,0.09,K,0.012787767640809081,0.030477437869978943,0.939453125,0.0012238235437788576,0.01677396930588257,0.06202261042405236,0.915340639807479,0.957020416686081,0.9375,0.92578125,0.927734375,0.0,1.8826189577411074e-05,0.0004946519712864779
-0.06666666666666667,0.09,D,-0.0058902217737322755,0.0156265610219677,0.9609375,0.0006402890382506743,0.010316599020311595,0.030867394634054007,0.9404368991207068,0.9745729201347606,0.958984375,0.94921875,0.951171875,0.0,1.696417695217383e-05,0.000502881503140736
-0.06666666666666667,0.09,K,0.00804215440882607,0.02111435549618843,0.96484375,0.0008636378713136463,0.013763757303533117,0.041945618800903785,0.9451159458429383,0.9776481939146942,0.958984375,0.94921875,0.951171875,0.0,1.696417695217383e-05,0.000502881503140736
-0.06,0.09,D,-0.005226580574478191,0.01497595717211298,0.927734375,0.0006208417818107725,0.009543423412496532,0.029922874965131206,0.9019787977852332,0.9471192972018321,0.931640625,0.943359375,0.94140625,0.0,-3.471068311849142e-05,0.0004880221656169279
-0.06,0.09,K,0.007918925844936418,0.022099724420064342,0.93359375,0.000912715602393011,0.01382795312618091,0.04306100865442179,0.9086366418684898,0.9520929338718228,0.93359375,0.943359375,0.94140625,0.0,-3.471068311849142e-05,0.0004880221656169279
-0.04000000000000001,0.09,D,-0.002057397799206955,0.008698916459506423,0.931640625,0.0003738995905934758,0.005507063777960355,0.017157706065002987,0.9064124998359672,0.9504399156532629,0.931640625,0.935546875,0.935546875,0.0,-1.9393773108305614e-05,0.0005234453580976686
-0.04000000000000001,0.09,K,0.0044892077142433115,0.01814894116372502,0.939453125,0.0007779131593492361,0.011656328026495195,0.0354047571841582,0.915340639807479,0.957020416686081,0.94140625,0.935546875,0.935546875,0.0,-1.9393773108305614e-05,0.0005234453580976686
-0.01999999999999999,0.09,D,-0.0010301936126439458,0.004504304083493595,0.958984375,0.00019397710235199956,0.0028512226241122953,0.00862576498359863,0.9381136079604665,0.9730190510439184,0.958984375,0.94140625,0.94140625,0.0,3.546838283674514e-06,0.0005185866565365014
-0.01999999999999999,0.09,K,0.004432155565122481,0.01742269945518735,0.94140625,0.0007453790500694692,0.010688183536954561,0.03551724390106147,0.9175865885145797,0.9586516282300628,0.94140625,0.94140625,0.94140625,0.0,3.546838283674514e-06,0.0005185866565365014
0.0,0.09,D,-6.482006031654133e-05,0.0025318968497734817,0.9296875,0.00011196781073701316,0.001647579259730532,0.004918136005525833,0.9041932796740074,0.9487819755641401,0.931640625,0.939453125,0.939453125,0.0,1.2194376835184529e-05,0.0005093606470525692
0.0,0.09,K,0.005974232492899537,0.017632514879767195,0.927734375,0.0007338797620181351,0.010290141504874888,0.036623721462890044,0.9019787977852332,0.9471192972018321,0.9296875,0.939453125,0.939453125,0.0,1.2194376835184529e-05,0.0005093606470525692
0.01999999999999999,0.09,D,0.0012884775348657833,0.004855172533316405,0.92578125,0.00020707886304354098,0.003155003475771575,0.009675493422427931,0.8997688824692767,0.945452052266706,0.927734375,0.931640625,0.9296875,0.0,-4.063567827013833e-05,0.0005158816370691138
0.01999999999999999,0.09,K,0.006300790241255525,0.01953691103916662,0.919921875,0.0008180820193522735,0.011954573170815982,0.03993997963033667,0.8931649760362443,0.9404244779464908,0.91796875,0.931640625,0.9296875,0.0,-4.063567827013833e-05,0.0005158816370691138
0.04000000000000001,0.09,D,0.0023888296189051744,0.008544598290113116,0.95703125,0.0003629183003682276,0.005577681539364478,0.016939712849412633,0.9358001975831783,0.9714553011701242,0.958984375,0.94921875,0.94921875,0.0,-3.227581387836326e-05,0.0004920912745823848
0.04000000000000001,0.09,K,0.005286290304736961,0.018326972936689667,0.953125,0.0007762787844242309,0.011670537187812004,0.03735545451712983,0.9312006389371313,0.9683005393140062,0.953125,0.94921875,0.94921875,0.0,-3.227581387836326e-05,0.0004920912745823848
0.06,0.09,D,0.0039348833135561005,0.013547473142243865,0.943359375,0.0005734687291083962,0.008012550392732954,0.028044687067454926,0.9198386034432544,0.9602767735524707,0.947265625,0.955078125,0.953125,0.0,-3.664643585522946e-05,0.0005260329447267277
0.06,0.09,K,0.006262330301767023,0.020300517650727785,0.947265625,0.0008542448812724588,0.011705885433459746,0.04079892103409979,0.9243620032866211,0.963507694211269,0.947265625,0.955078125,0.953125,0.0,-3.664643585522946e-05,0.0005260329447267277
0.06666666666666667,0.09,D,0.0063429781581833,0.016833795223482693,0.9453125,0.0006897960356967353,0.010424004863652043,0.034156285362459696,0.9220969712394934,0.9618955660073142,0.947265625,0.94921875,0.94921875,0.0,-3.597111864276286e-05,0.0005005912783301265
0.06666666666666667,0.09,K,0.008560277528537455,0.022352810327034737,0.943359375,0.0009134457441450411,0.013397035644501266,0.04511676312171177,0.9198386034432544,0.9602767735524707,0.943359375,0.94921875,0.94921875,0.0,-3.597111864276286e-05,0.0005005912783301265
0.07999999999999999,0.09,D,0.011958451394339497,0.027307753043615463,0.931640625,0.0010860337509939833,0.014019053328380271,0.05940481174553599,0.9064124998359672,0.9504399156532629,0.93359375,0.927734375,0.9296875,0.0,-1.9276275659217535e-05,0.0005003680780218771
0.07999999999999999,0.09,K,0.013307558457078416,0.030564728110128406,0.935546875,0.001217221091917823,0.015840129860540265,0.06501668351468705,0.9108659024588599,0.9537408335325352,0.93359375,0.927734375,0.9296875,0.0,-1.9276275659217535e-05,0.0005003680780218771
0.1,0.09,D,0.000164221041834346,0.0033709270335441142,0.9453125,0.00014894397030891935,0.0021984490621651184,0.006944302921669866,0.9220969712394934,0.9618955660073142,0.9453125,0.953125,0.951171875,0.0,2.7803314147417814e-05,0.0005212241534514578
0.1,0.09,K,2.131070362362426e-05,0.0041350410878149306,0.943359375,0.00018292101881126876,0.0026309022800101167,0.008242356332898798,0.9198386034432544,0.9602767735524707,0.9453125,0.953125,0.951171875,0.0,2.7803314147417814e-05,0.0005212241534514578
0.12000000000000002,0.09,D,0.00022871906045104933,0.002854496751793209,0.92578125,0.00012586949487655133,0.0017108847480763745,0.006023668752102135,0.8997688824692767,0.945452052266706,0.92578125,0.935546875,0.931640625,0.0,-1.0377229461963684e-05,0.0005001061838008389
0.12000000000000002,0.09,K,0.00015859841433700197,0.00362835920912098,0.953125,0.00016035575111184345,0.0024508760415993328,0.006823958521126109,0.9312006389371313,0.9683005393140062,0.953125,0.935546875,0.931640625,0.0,-1.0377229461963684e-05,0.0005001061838008389
0.13999999999999999,0.09,D,1.875527320643075e-05,0.0024655798396546005,0.9609375,0.0001090676748695255,0.0016244840988548365,0.004711916371364776,0.9404368991207068,0.9745729201347606,0.958984375,0.958984375,0.962890625,0.0,1.5498996257275684e-05,0.00048759670683193546
0.13999999999999999,0.09,K,-2.3773088585600516e-05,0.003395832573301976,0.9453125,0.0001502191074626799,0.002374406751154634,0.006774182729515617,0.9220969712394934,0.9618955660073142,0.947265625,0.958984375,0.962890625,0.0,1.5498996257275684e-05,0.00048759670683193546
0.16,0.09,D,5.24222284979971e-05,0.002405455448762631,0.94921875,0.00010638581179349585,0.0016323977551747082,0.004770125943430573,0.9266340388165446,0.9651128189324278,0.94921875,0.955078125,0.955078125,0.0,-4.231727091788636e-05,0.0005048672531847094
0.16,0.09,K,-0.00010508900359716946,0.003258330178014858,0.958984375,0.00014406505278187219,0.002100779104546778,0.0062965518855182465,0.9381136079604665,0.9730190510439184,0.95703125,0.955078125,0.955078125,0.0,-4.231727091788636e-05,0.0005048672531847094
-0.16,0.09999999999999999,D,-4.7826717704937364e-05,0.00239769057550268,0.958984375,0.00010604648300433604,0.0016120450677629405,0.004786741503837607,0.9381136079604665,0.9730190510439184,0.958984375,0.951171875,0.951171875,0.0,-3.14576816052052e-05,0.00047416020073668086
-0.16,0.09999999999999999,K,9.922295828472587e-05,0.003226391859672958,0.958984375,0.0001426596625826859,0.002078029903362623,0.006369924798404005,0.9381136079604665,0.9730190510439184,0.958984375,0.951171875,0.951171875,0.0,-3.14576816052052e-05,0.00047416020073668086
-0.14,0.09999999999999999,D,2.5062637038531855e-05,0.0026120195334826653,0.953125,0.00011554362200547538,0.0017328520360761213,0.00510275347438391,0.9312006389371313,0.9683005393140062,0.95703125,0.951171875,0.953125,0.0,1.0205259410460955e-05,0.0004855940381834439
-0.14,0.09999999999999999,K,-0.0001558020754283514,0.0033623422859868656,0.95703125,0.0001485814947760247,0.0023194961268141676,0.006575375311543525,0.9358001975831783,0.9714553011701242,0.95703125,0.951171875,0.953125,0.0,1.0205259410460955e-05,0.0004855940381834439
-0.12,0.09999999999999999,D,6.767337086118077e-05,0.003015324979445073,0.939453125,0.00013335652555868273,0.001982543021697883,0.006074829268353447,0.915340639807479,0.957020416686081,0.9375,0.94921875,0.94921875,0.0,2.8974410046288954e-05,0.0005058905376499461
-0.12,0.09999999999999999,K,-6.219828826089423e-05,0.0037569091117335357,0.958984375,0.00016617309631487446,0.0026040409773418413,0.0071062603880031406,0.9381136079604665,0.9730190510439184,0.958984375,0.94921875,0.94921875,0.0,2.8974410046288954e-05,0.0005058905376499461
-0.1,0.09999999999999999,D,-0.0014033445553577376,0.011039287266125955,0.9375,0.0004843873355159236,0.0031087300437023235,0.011702657948645966,0.9131004927359689,0.9553834035065087,0.9375,0.9375,0.9375,0.0,1.9742059505999115e-05,0.0005021426903299232
-0.1,0.09999999999999999,K,0.0012462986078276735,0.01213012397233428,0.93359375,0.0005337652821670037,0.0037420689631638276,0.012886833889336681,0.9086366418684898,0.9520929338718228,0.935546875,0.9375,0.9375,0.0,1.9742059505999115e-05,0.0005021426903299232
-0.08,0.09999999999999999,D,-0.007542053603465573,0.020647955456791402,0.947265625,0.000850296934422927,0.012994910413032724,0.04021065445655878,0.9243620032866211,0.963507694211269,0.9453125,0.9375,0.94140625,0.0,-1.0117199956288206e-05,0.0004821262102023126
-0.08,0.09999999999999999,K,0.009436688869968754,0.025720422700984936,0.935546875,0.0010584568088593139,0.015694311707562643,0.05259610728408798,0.9108659024588599,0.9537408335325352,0.931640625,0.9375,0.94140625,0.0,-1.0117199956288206e-05,0.0004821262102023126
-0.06666666666666667,0.09999999999999999,D,-0.004730699422478317,0.015135637000364022,0.943359375,0.0006360162067329034,0.010073274012818573,0.030812196366333672,0.9198386034432544,0.9602767735524707,0.943359375,0.953125,0.953125,0.0,-1.4738248893268361e-05,0.0005153067269771276
-0.06666666666666667,0.09999999999999999,K,0.007099151591450039,0.022338347580716195,0.94921875,0.0009369599624685584,0.014656558334566597,0.04358731152191091,0.9266340388165446,0.9651128189324278,0.94921875,0.953125,0.953125,0.0,-1.4738248893268361e-05,0.0005153067269771276
-0.06,0.09999999999999999,D,-0.004913473499680328,0.013673140615308004,0.9296875,0.0005644604171526484,0.008832021824413547,0.027966800710832487,0.9041932796740074,0.9487819755641401,0.927734375,0.935546875,0.935546875,0.0,-3.9508351333469765e-05,0.0004903553545572046
-0.06,0.09999999999999999,K,0.007964584182064097,0.022094557689413086,0.939453125,0.0009116927743862708,0.014204488791809564,0.04336593381288625,0.915340639807479,0.957020416686081,0.9375,0.935546875,0.935546875,0.0,-3.9508351333469765e-05,0.0004903553545572046
-0.04000000000000001,0.09999999999999999,D,-0.0027372684211884653,0.008163215159767251,0.94921875,0.0003402124446649887,0.005417908075252047,0.015051050225041463,0.9266340388165446,0.9651128189324278,0.947265625,0.93359375,0.935546875,0.0,3.01600871960329e-05,0.0004822937099383855
-0.04000000000000001,0.09999999999999999,K,0.006702066005373803,0.01925680364860524,0.94921875,0.0007986127870262641,0.012967434930199633,0.03746740209231932,0.9266340388165446,0.9651128189324278,0.94921875,0.93359375,0.935546875,0.0,3.01600871960329e-05,0.0004822937099383855
-0.01999999999999999,0.09999999999999999,D,-0.0012251802003595675,0.004676729682166213,0.9453125,0.00019966083765073246,0.002920439077366454,0.009067832993224542,0.9220969712394934,0.9618955660073142,0.9453125,0.947265625,0.943359375,0.0,3.2413912188022182e-06,0.0005002180322229836
-0.01999999999999999,0.09999999999999999,K,0.0054120421195147815,0.019118064656298808,0.93359375,0.0008111384528095444,0.0124005540074218,0.03874301266351304,0.9086366418684898,0.9520929338718228,0.935546875,0.947265625,0.943359375,0.0,3.2413912188022182e-06,0.0005002180322229836
0.0,0.09999999999999999,D,-9.359359812053848e-06,0.002380469937588729,0.9375,0.00010530497621643723,0.0014867377212433698,0.004838296053687355,0.9131004927359689,0.9553834035065087,0.9375,0.939453125,0.9375,0.0,-5.9276525213945854e-05,0.0005027021089204815
0.0,0.09999999999999999,K,0.0060837287377774815,0.019452932970106925,0.927734375,0.000817380721693933,0.011621643207566965,0.0416651827430121,0.9019787977852332,0.9471192972018321,0.927734375,0.939453125,0.9375,0.0,-5.9276525213945854e-05,0.0005027021089204815
0.01999999999999999,0.09999999999999999,D,0.001069788122126,0.004418260229895599,0.943359375,0.0001896364677168704,0.002693785033343169,0.008412395929083,0.9198386034432544,0.9602767735524707,0.943359375,0.955078125,0.951171875,0.0,-1.579991266991729e-05,0.0004944535876626588
0.01999999999999999,0.09999999999999999,K,0.005092725792041571,0.018041400366386753,0.947265625,0.0007656473044993708,0.011281604103377994,0.03601212873212046,0.9243620032866211,0.963507694211269,0.947265625,0.955078125,0.951171875,0.0,-1.579991266991729e-05,0.0004944535876626588
0.04000000000000001,0.09999999999999999,D,0.0023763976921773768,0.007772353000044832,0.94140625,0.0003273633180545296,0.004951452440128953,0.015920929092178984,0.9175865885145797,0.9586516282300628,0.943359375,0.943359375,0.94140625,0.0,-2.1288577605209664e-05,0.0004842877562041027
0.04000000000000001,0.09999999999999999,K,0.006229146407707895,0.01864846455735804,0.947265625,0.0007775758473564694,0.011234075752969697,0.03883234943523919,0.9243620032866211,0.963507694211269,0.947265625,0.943359375,0.94140625,0.0,-2.1288577605209664e-05,0.0004842877562041027
0.06,0.09999999999999999,D,0.0035552871910086393,0.013064849387102848,0.931640625,0.000556143807334629,0.008049111731515159,0.026545385058656452,0.9064124998359672,0.9504399156532629,0.9296875,0.94140625,0.939453125,0.0,-8.43043749780533e-06,0.0005015987587900919
0.06,0.09999999999999999,K,0.00575808101011343,0.021030587747739107,0.931640625,0.0008947882628943852,0.013055812909621031,0.044080102083928464,0.9064124998359672,0.9504399156532629,0.9296875,0.94140625,0.939453125,0.0,-8.43043749780533e-06,0.0005015987587900919
0.06666666666666667,0.09999999999999999,D,0.004965203984787844,0.015014154639021426,0.9453125,0.000626816872157196,0.00949366476362628,0.0301311564311294,0.9220969712394934,0.9618955660073142,0.947265625,0.9375,0.9375,0.0,-4.4297340836476365e-06,0.0004928613716568367
0.06666666666666667,0.09999999999999999,K,0.007404563785041605,0.02211514471841621,0.9453125,0.0009218504969290535,0.014056692501284919,0.04472480483436821,0.9220969712394934,0.9618955660073142,0.947265625,0.9375,0.9375,0.0,-4.4297340836476365e-06,0.0004928613716568367
0.07999999999999999,0.09999999999999999,D,0.007923822965533409,0.0215096779468477,0.939453125,0.0008846143863294122,0.01304323666185709,0.044283359562641754,0.915340639807479,0.957020416686081,0.935546875,0.955078125,0.94921875,0.0,-1.7060610614926558e-05,0.0005311325198352858
0.07999999999999999,0.09999999999999999,K,0.009996044954825568,0.02651226132968995,0.935546875,0.0010862772258943974,0.016586496775477078,0.05275772156862125,0.9108659024588599,0.9537408335325352,0.9375,0.955078125,0.94921875,0.0,-1.7060610614926558e-05,0.0005311325198352858
0.1,0.09999999999999999,D,0.0005754401503161965,0.006631624382897697,0.9609375,0.00029225926949402416,0.003155547946666455,0.010935818454366761,0.9404368991207068,0.9745729201347606,0.9609375,0.96484375,0.970703125,0.0,-6.050741521014362e-06,0.0004946486779018265
0.1,0.09999999999999999,K,0.00036543771079610744,0.007230737594234456,0.95703125,0.00031946022674202444,0.0034066827802911454,0.01211486800977065,0.9358001975831783,0.9714553011701242,0.958984375,0.96484375,0.970703125,0.0,-6.050741521014362e-06,0.0004946486779018265
0.12000000000000002,0.09999999999999999,D,0.0001049838051029451,0.0030128215747587585,0.951171875,0.00013319843973685493,0.0021143612118163166,0.005693489822668009,0.9289134485442119,0.9667105694558431,0.951171875,0.94921875,0.951171875,0.0,-1.4123213691369314e-05,0.0005099156519469151
0.12000000000000002,0.09999999999999999,K,2.192813855443252e-05,0.0036914516080608865,0.9453125,0.0001632973236544618,0.002437512712299382,0.00732661125326757,0.9220969712394934,0.9618955660073142,0.9453125,0.94921875,0.951171875,0.0,-1.4123213691369314e-05,0.0005099156519469151
0.13999999999999999,0.09999999999999999,D,0.00016519690051145593,0.002666419828871031,0.95703125,0.00011772887263444326,0.001865701631343808,0.0050053857583095785,0.9358001975831783,0.9714553011701242,0.95703125,0.962890625,0.9609375,0.0,-1.2828531145958751e-05,0.000522289633597506
0.13999999999999999,0.09999999999999999,K,1.4612623353454468e-05,0.003348959713748089,0.96484375,0.00014814784515002476,0.0022134737255311288,0.006452948896451778,0.9451159458429383,0.9776481939146942,0.96484375,0.962890625,0.9609375,0.0,-1.2828531145958751e-05,0.000522289633597506
0.16,0.09999999999999999,D,0.00022953332950043472,0.0024615291830475676,0.953125,0.00010841718700306728,0.00162198605920931,0.004875924306061481,0.9312006389371313,0.9683005393140062,0.953125,0.9375,0.939453125,0.0,-2.933936778075626e-05,0.0005125894501285714
0.16,0.09999999999999999,K,0.00013458154487689072,0.0034269477620014906,0.9375,0.00015148229615847316,0.0021536592518204972,0.007005341280219025,0.9131004927359689,0.9553834035065087,0.9375,0.9375,0.939453125,0.0,-2.933936778075626e-05,0.0005125894501285714
-0.16,0.10999999999999999,D,3.1763477226806874e-05,0.0027142929448291607,0.9375,0.00012006502862839713,0.001908914234819148,0.005401460027983965,0.9131004927359689,0.9553834035065087,0.935546875,0.935546875,0.939453125,0.0,2.291680716244979e-05,0.00048534986320557775
-0.16,0.10999999999999999,K,0.000184328064821818,0.003511194998241492,0.94140625,0.00015511193786579925,0.002265669165994348,0.0069466597765710765,0.9175865885145797,0.9586516282300628,0.94140625,0.935546875,0.939453125,0.0,2.291680716244979e-05,0.00048534986320557775
-0.14,0.10999999999999999,D,6.467880382479837e-05,0.00296416091634663,0.943359375,0.0001310955388035501,0.00205958156406362,0.005642932740135338,0.9198386034432544,0.9602767735524707,0.94140625,0.94140625,0.943359375,0.0,1.3724058963342299e-06,0.0005135333228082877
-0.14,0.10999999999999999,K,-0.00020044417800227317,0.0036394113028405256,0.943359375,0.00016075370887577007,0.0024748669772959794,0.0072191915090925925,0.9198386034432544,0.9602767735524707,0.943359375,0.94140625,0.943359375,0.0,1.3724058963342299e-06,0.0005135333228082877
-0.12,0.10999999999999999,D,0.00011624028251650453,0.0036639839148140873,0.939453125,0.00016200351718015686,0.0023973764324992652,0.007236034806429151,0.915340639807479,0.957020416686081,0.94140625,0.939453125,0.94140625,0.0,-3.452845528065106e-05,0.0005363452954085938
-0.12,0.10999999999999999,K,-0.0002972953946577217,0.0042959250694079324,0.947265625,0.00018958491919369736,0.0028896624395951254,0.008154219621500394,0.9243620032866211,0.963507694211269,0.9453125,0.939453125,0.94140625,0.0,-3.452845528065106e-05,0.0005363452954085938
-0.1,0.10999999999999999,D,-0.01328071520878692,0.030945229225133816,0.94140625,0.0012364568210540387,0.014542825686249997,0.06493123295353519,0.9175865885145797,0.9586516282300628,0.9453125,0.939453125,0.939453125,0.0,4.379655651430411e-05,0.0004941444099839134
-0.1,0.10999999999999999,K,0.014432914702970822,0.03371418236621288,0.935546875,0.0013478525834418457,0.016973547339551753,0.06886598964529414,0.9108659024588599,0.9537408335325352,0.93359375,0.939453125,0.939453125,0.0,4.379655651430411e-05,0.0004941444099839134
-0.08,0.10999999999999999,D,-0.005246469272804949,0.016557037578457626,0.953125,0.0006946962246253761,0.010115543446325245,0.03502417845108216,0.9312006389371313,0.9683005393140062,0.953125,0.94140625,0.9375,0.0,-2.9628716732255612e-05,0.0005217159221835298
-0.08,0.10999999999999999,K,0.007186459043747184,0.022305283394060477,0.953125,0.0009341116249101905,0.01341751545823952,0.045482574766041825,0.9312006389371313,0.9683005393140062,0.951171875,0.94140625,0.9375,0.0,-2.9628716732255612e-05,0.0005217159221835298
-0.06666666666666667,0.10999999999999999,D,-0.0040667779458127854,0.013466043067506678,0.93359375,0.0005678876177985527,0.008157852154459765,0.027385440118844667,0.9086366418684898,0.9520929338718228,0.93359375,0.94921875,0.94921875,0.0,-1.024297359277781e-05,0.0005037158709691786
-0.06666666666666667,0.10999999999999999,K,0.006721191353269949,0.021856955025711562,0.9375,0.0009200443171797596,0.013602033707192096,0.04322423030514018,0.9131004927359689,0.9553834035065087,0.935546875,0.94921875,0.94921875,0.0,-1.024297359277781e-05,0.0005037158709691786
-0.06,0.10999999999999999,D,-0.002882552645118081,0.011690697916874132,0.94921875,0.0005011987743524355,0.007265998017595469,0.022635910815376116,0.9266340388165446,0.9651128189324278,0.951171875,0.94140625,0.93359375,0.0,-1.540171708369491e-05,0.0005101141595867674
-0.06,0.10999999999999999,K,0.005082561110800052,0.021179246218859173,0.943359375,0.0009095363896717227,0.013665915629002268,0.04126014335158707,0.9198386034432544,0.9602767735524707,0.943359375,0.94140625,0.93359375,0.0,-1.540171708369491e-05,0.0005101141595867674
-0.04000000000000001,0.10999999999999999,D,-0.0024844221784344157,0.008235524160235964,0.939453125,0.00034734527066183245,0.005124575060976591,0.01593306895560641,0.915340639807479,0.957020416686081,0.94140625,0.923828125,0.923828125,0.0,-4.033462161340056e-05,0.0005247746443317931
-0.04000000000000001,0.10999999999999999,K,0.006521646690384853,0.02126329226176923,0.93359375,0.0008952972614776655,0.014433774329817614,0.0412566196756358,0.9086366418684898,0.9520929338718228,0.935546875,0.923828125,0.923828125,0.0,-4.033462161340056e-05,0.0005247746443317931
-0.01999999999999999,0.10999999999999999,D,-0.0008633145335153767,0.004102592645548973,0.9453125,0.00017742424546750537,0.0025479694345494543,0.008139200645618332,0.9220969712394934,0.9618955660073142,0.9453125,0.9453125,0.9453125,0.0,-4.367558337833398e-05,0.000520094013360093
-0.01999999999999999,0.10999999999999999,K,0.005751254266724816,0.018850518034851053,0.953125,0.0007941383896286869,0.012719786354555264,0.035890900957207726,0.9312006389371313,0.9683005393140062,0.953125,0.9453125,0.9453125,0.0,-4.367558337833398e-05,0.000520094013360093
0.0,0.10999999999999999,D,-3.3672295301518805e-05,0.0023693831910130327,0.947265625,0.00010480475634162905,0.0015154392307996656,0.004632353244957321,0.9243620032866211,0.963507694211269,0.947265625,0.94921875,0.9453125,0.0,-5.405915796012693e-06,0.0004893552002510152
0.0,0.10999999999999999,K,0.004832696603331555,0.01820354579692198,0.9453125,0.0007763809401502202,0.011469994212447085,0.03676786130446875,0.9220969712394934,0.9618955660073142,0.9453125,0.94921875,0.9453125,0.0,-5.405915796012693e-06,0.0004893552002510152
0.01999999999999999,0.10999999999999999,D,0.0007905672898218509,0.004018049651525809,0.951171875,0.00017427359084645454,0.0026480093994973707,0.0075424670016970875,0.9289134485442119,0.9667105694558431,0.951171875,0.953125,0.951171875,0.0,-1.008830282748313e-05,0.000502892601554643
0.01999999999999999,0.10999999999999999,K,0.004480392821471917,0.019222769485405123,0.94921875,0.0008269446592017152,0.012345382937685598,0.037230432630937234,0.9266340388165446,0.9651128189324278,0.947265625,0.953125,0.951171875,0.0,-1.008830282748313e-05,0.000502892601554643
0.04000000000000001,0.10999999999999999,D,0.001944977699553922,0.008002925665985362,0.927734375,0.0003434140807369234,0.005202505212524442,0.01589226157251065,0.9019787977852332,0.9471192972018321,0.92578125,0.939453125,0.939453125,0.0,-2.4135160114311768e-05,0.000516872092254333
0.04000000000000001,0.10999999999999999,K,0.005546617387138008,0.020728910989559923,0.939453125,0.0008835557791229256,0.012591387034065905,0.040601432932544465,0.915340639807479,0.957020416686081,0.939453125,0.939453125,0.939453125,0.0,-2.4135160114311768e-05,0.000516872092254333
0.06,0.10999999999999999,D,0.003684063110806819,0.011676178409332988,0.94921875,0.0004901392055192258,0.007391558775798869,0.023191229097683206,0.9266340388165446,0.9651128189324278,0.94921875,0.9453125,0.9453125,0.0,6.947603689642261e-06,0.0005062523536874131
0.06,0.10999999999999999,K,0.006685122067629771,0.020805968445384734,0.94921875,0.0008715973435807697,0.012579981303175322,0.04202004849319628,0.9266340388165446,0.9651128189324278,0.94921875,0.9453125,0.9453125,0.0,6.947603689642261e-06,0.0005062523536874131
0.06666666666666667,0.10999999999999999,D,0.004226193296516339,0.013478740538554,0.953125,0.0005661967336068302,0.008911914563624137,0.02604335278174926,0.9312006389371313,0.9683005393140062,0.951171875,0.96484375,0.966796875,0.0,-1.1774253691658189e-05,0.000506418165213723
0.06666666666666667,0.10999999999999999,K,0.0069350999949386455,0.02174441811936454,0.95703125,0.0009116812144659342,0.015168715379582864,0.04030953720574216,0.9358001975831783,0.9714553011701242,0.958984375,0.96484375,0.966796875,0.0,-1.1774253691658189e-05,0.000506418165213723
0.07999999999999999,0.10999999999999999,D,0.006133704436308281,0.01734176153208769,0.955078125,0.000717565959280005,0.009873724440531188,0.03528905418500666,0.9334960572612445,0.9698822812409755,0.955078125,0.939453125,0.939453125,0.0,-1.1929522513546903e-05,0.00048697627704916797
0.07999999999999999,0.10999999999999999,K,0.008410167087725778,0.023532291213965092,0.953125,0.0009722548482230045,0.013371873085982089,0.04618991129122482,0.9312006389371313,0.9683005393140062,0.953125,0.939453125,0.939453125,0.0,-1.1929522513546903e-05,0.00048697627704916797
0.1,0.10999999999999999,D,0.013346417786268069,0.030688400407220328,0.935546875,0.0012224666698767,0.016434478742106295,0.06654913873912312,0.9108659024588599,0.9537408335325352,0.93359375,0.947265625,0.947265625,0.0,-2.784308675448684e-05,0.0005282279201401296
0.1,0.10999999999999999,K,0.014813481245011341,0.03364468963123252,0.9296875,0.0013363251840864203,0.018347592315594116,0.0718142474022199,0.9041932796740074,0.9487819755641401,0.9296875,0.947265625,0.947265625,0.0,-2.784308675448684e-05,0.0005282279201401296
0.12000000000000002,0.10999999999999999,D,0.000170706918795907,0.00367338972208848,0.94921875,0.0001623256324657992,0.0024791838874487077,0.007282225624063093,0.9266340388165446,0.9651128189324278,0.947265625,0.94140625,0.94140625,0.0,-2.606518574262064e-05,0.0005014205522174514
0.12000000000000002,0.10999999999999999,K,0.0001713592220961034,0.0043485774848874585,0.94140625,0.0001922203265309087,0.0030330606503095048,0.008324144686014345,0.9175865885145797,0.9586516282300628,0.939453125,0.94140625,0.94140625,0.0,-2.606518574262064e-05,0.0005014205522174514
0.13999999999999999,0.10999999999999999,D,0.00025598182694529145,0.002792751717622229,0.943359375,0.00012302399381390998,0.0019224502458406179,0.005675186460473416,0.9198386034432544,0.9602767735524707,0.943359375,0.9609375,0.958984375,0.0,-5.9807127436775154e-05,0.0004908416850443938
0.13999999999999999,0.10999999999999999,K,5.808667519171753e-05,0.0033677410860688665,0.951171875,0.00014895793257503382,0.0021975917278319393,0.006972253408596096,0.9289134485442119,0.9667105694558431,0.951171875,0.9609375,0.958984375,0.0,-5.9807127436775154e-05,0.0004908416850443938
0.16,0.10999999999999999,D,0.00012186433114952882,0.0027532867931933567,0.9375,0.0001216788726269681,0.0018489628064661812,0.005373396710327187,0.9131004927359689,0.9553834035065087,0.9375,0.943359375,0.94140625,0.0,1.6833962083409338e-06,0.00047928828098114267
0.16,0.10999999999999999,K,0.0003360151100532022,0.003572017189851644,0.947265625,0.00015731604453371264,0.0025073246326265675,0.006895103073800977,0.9243620032866211,0.963507694211269,0.9453125,0.943359375,0.94140625,0.0,1.6833962083409338e-06,0.00047928828098114267
-0.16,0.12,D,-0.0001376830768581385,0.0026608905736008356,0.953125,0.0001175531858228982,0.0016998395817389156,0.00537938309066525,0.9312006389371313,0.9683005393140062,0.955078125,0.94921875,0.947265625,0.0,1.2164385603925852e-05,0.0004839605243050108
-0.16,0.12,K,0.00015093172172592358,0.0034568517334759006,0.953125,0.00015277628735413964,0.002363156298227566,0.006831453968612413,0.9312006389371313,0.9683005393140062,0.953125,0.94921875,0.947265625,0.0,1.2164385603925852e-05,0.0004839605243050108
-0.14,0.12,D,-0.00011335199803105204,0.003067220451133666,0.953125,0.00013559315672076122,0.0020984571386626627,0.006100069213051565,0.9312006389371313,0.9683005393140062,0.953125,0.9453125,0.947265625,0.0,-2.6363465385974107e-05,0.0005246771030465946
-0.14,0.12,K,-4.3627877658767406e-05,0.0038813814449803,0.955078125,0.000171691359010184,0.0026335740801311167,0.007314093529729268,0.9334960572612445,0.9698822812409755,0.955078125,0.9453125,0.947265625,0.0,-2.6363465385974107e-05,0.0005246771030465946
-0.12,0.12,D,-0.00039505966712496726,0.00580576803304968,0.955078125,0.0002562367664016122,0.003342790761371263,0.010411961212189964,0.9334960572612445,0.9698822812409755,0.953125,0.951171875,0.953125,0.0,1.8079240545861442e-05,0.0005171510260756988
-0.12,0.12,K,0.00036966125574008153,0.006455397458254302,0.951171875,0.00028510137209067544,0.003595108345810512,0.011682891564599587,0.9289134485442119,0.9667105694558431,0.951171875,0.951171875,0.953125,0.0,1.8079240545861442e-05,0.0005171510260756988
-0.1,0.12,D,-0.008289295473221606,0.024519271720352044,0.9453125,0.0010208034384681615,0.01301473877475235,0.04793342864150227,0.9220969712394934,0.9618955660073142,0.9453125,0.927734375,0.927734375,0.0,7.54603408679789e-06,0.0005159838782722011
-0.1,0.12,K,0.00986598377083653,0.02903787175343829,0.9453125,0.0012081429201320538,0.015567280093332372,0.05750180825461599,0.9220969712394934,0.9618955660073142,0.9453125,0.927734375,0.927734375,0.0,7.54603408679789e-06,0.0005159838782722011
-0.08,0.12,D,-0.00622760929017959,0.016458456451405215,0.94140625,0.0006739457539298402,0.009947770070621406,0.03251800920213659,0.9175865885145797,0.9586516282300628,0.94140625,0.931640625,0.9296875,0.0,1.2301771211114653e-06,0.000494312607792382
-0.08,0.12,K,0.00924206876592438,0.02423310052408458,0.9453125,0.0009909841378746705,0.01492901874631404,0.048479250680573856,0.9220969712394934,0.9618955660073142,0.9453125,0.931640625,0.9296875,0.0,1.2301771211114653e-06,0.000494312607792382
-0.06666666666666667,0.12,D,-0.005083308938577671,0.01295773947527061,0.94140625,0.0005272662994875256,0.007941516227581644,0.026179581759106778,0.9175865885145797,0.9586516282300628,0.943359375,0.94921875,0.94921875,0.0,-4.496336685999873e-06,0.0005101555663248704
-0.06666666666666667,0.12,K,0.009214942358712822,0.022760259665462395,0.935546875,0.0009206420134648981,0.013671510986440295,0.0475002768460565,0.9108659024588599,0.9537408335325352,0.935546875,0.94921875,0.94921875,0.0,-4.496336685999873e-06,0.0005101555663248704
-0.06,0.12,D,-0.003098978176381488,0.01121444608645107,0.943359375,0.0004767800825741268,0.006449185955032865,0.022419315183858594,0.9198386034432544,0.9602767735524707,0.943359375,0.947265625,0.947265625,0.0,-4.342682942687245e-06,0.0004961526020314619
-0.06,0.12,K,0.006051450027911278,0.02190145474493217,0.9453125,0.0009311458678474612,0.01306428290502154,0.043861922019578496,0.9220969712394934,0.9618955660073142,0.947265625,0.947265625,0.947265625,0.0,-4.342682942687245e-06,0.0004961526020314619
-0.04000000000000001,0.12,D,-0.0020856710422962645,0.007205582654378725,0.953125,0.0003051110531915683,0.004781898410189344,0.014216031601242744,0.9312006389371313,0.9683005393140062,0.951171875,0.955078125,0.955078125,0.0,-3.511447360991771e-05,0.000497268997858501
-0.04000000000000001,0.12,K,0.005929478119811551,0.02002642211311842,0.951171875,0.0008461942797370102,0.013851393612986693,0.0378449228406536,0.9289134485442119,0.9667105694558431,0.94921875,0.955078125,0.955078125,0.0,-3.511447360991771e-05,0.000497268997858501
-0.01999999999999999,0.12,D,-0.0007947780377277607,0.003947059245927664,0.947265625,0.0001710312028020479,0.002692122699251372,0.0078118489340839375,0.9243620032866211,0.963507694211269,0.94921875,0.951171875,0.94921875,0.0,8.182799826016084e-06,0.0004925683344815247
-0.01999999999999999,0.12,K,0.00423653542435354,0.018448276928037903,0.958984375,0.0007942931099070037,0.012210469193795537,0.0361855755990073,0.9381136079604665,0.9730190510439184,0.958984375,0.951171875,0.94921875,0.0,8.182799826016084e-06,0.0004925683344815247
0.0,0.12,D,0.00019876585622239358,0.00236091120684607,0.955078125,0.00010406976680120802,0.0015014777051443476,0.00445618179095186,0.9334960572612445,0.9698822812409755,0.955078125,0.951171875,0.953125,0.0,-1.4909811159664654e-06,0.0005063449409092679
0.0,0.12,K,0.005277363528978828,0.019511528291078946,0.94921875,0.0008309676184126831,0.012312710742835319,0.037732791452424946,0.9266340388165446,0.9651128189324278,0.951171875,0.951171875,0.953125,0.0,-1.4909811159664654e-06,0.0005063449409092679
0.01999999999999999,0.12,D,0.0008533318291288953,0.004146177761237709,0.9375,0.0001794894630684436,0.002510687314803908,0.008517261032400308,0.9131004927359689,0.9553834035065087,0.9375,0.9375,0.935546875,0.0,-6.691804480438843e-06,0.0005088746200938553
0.01999999999999999,0.12,K,0.004832860531677621,0.02012247385357868,0.9453125,0.0008641109285322263,0.012387938039688115,0.038461338992819546,0.9220969712394934,0.9618955660073142,0.947265625,0.9375,0.935546875,0.0,-6.691804480438843e-06,0.0005088746200938553
0.04000000000000001,0.12,D,0.0020025616055767913,0.007406114612854416,0.9375,0.000315423117420302,0.004743717980406192,0.014676666132846348,0.9131004927359689,0.9553834035065087,0.9375,0.94140625,0.939453125,0.0,-1.3297239761981473e-05,0.0004840696078799129
0.04000000000000001,0.12,K,0.006061265772664045,0.021411653998247418,0.951171875,0.0009084512790279439,0.013661871054241062,0.04131528304693467,0.9289134485442119,0.9667105694558431,0.947265625,0.94140625,0.939453125,0.0,-1.3297239761981473e-05,0.0004840696078799129
0.06,0.12,D,0.0031237232603135807,0.011172059182728247,0.935546875,0.0004745113036073966,0.007200736224715676,0.022516722992591658,0.9108659024588599,0.9537408335325352,0.939453125,0.94140625,0.943359375,0.0,-3.226806250662089e-05,0.0005000816465085885
0.06,0.12,K,0.006308666560348165,0.02206497335993496,0.9375,0.000935350301808848,0.014132398168117025,0.04450589855182748,0.9131004927359689,0.9553834035065087,0.9375,0.94140625,0.943359375,0.0,-3.226806250662089e-05,0.0005000816465085885
0.06666666666666667,0.12,D,0.003406742377710896,0.013096679004620856,0.921875,0.0005594187424436471,0.008130442692213035,0.026771779062069574,0.8953621180192555,0.9421044962145622,0.923828125,0.92578125,0.931640625,0.0,3.4295572518131044e-06,0.0004855103033171836
0.06666666666666667,0.12,K,0.0061452705155509105,0.022919170745150215,0.923828125,0.0009767593268834023,0.013970145126747324,0.0467875826348333,0.8975633728664396,0.9437804016184606,0.92578125,0.92578125,0.931640625,0.0,3.4295572518131044e-06,0.0004855103033171836
0.07999999999999999,0.12,D,0.0052170106511566245,0.015329575005623451,0.947265625,0.000637661256560951,0.009559762478470742,0.031676653507364164,0.9243620032866211,0.963507694211269,0.947265625,0.95703125,0.953125,0.0,1.8086514273267935e-05,0.0004897538199988808
0.07999999999999999,0.12,K,0.00791122095294421,0.0225059758023689,0.94921875,0.000932067887899086,0.014302043105863554,0.04482379275682013,0.9266340388165446,0.9651128189324278,0.94921875,0.95703125,0.953125,0.0,1.8086514273267935e-05,0.0004897538199988808
0.1,0.12,D,0.007359472078477947,0.022355750374214393,0.94921875,0.000933836378935238,0.013478487418436443,0.04567248144643836,0.9266340388165446,0.9651128189324278,0.94921875,0.943359375,0.943359375,0.0,-1.72533011241433e-05,0.0005300990549342237
0.1,0.12,K,0.008797364003494883,0.026467978996170118,0.94921875,0.0011043060166185603,0.016441975392995065,0.05590291885396974,0.9266340388165446,0.9651128189324278,0.9453125,0.943359375,0.943359375,0.0,-1.72533011241433e-05,0.0005300990549342237
0.12000000000000002,0.12,D,0.0007574770660667619,0.00915519949393463,0.943359375,0.00040361358520336226,0.0035045979267853966,0.011761619979610071,0.9198386034432544,0.9602767735524707,0.943359375,0.9453125,0.943359375,0.0,-8.087169475261715e-05,0.0005276246873630024
0.12000000000000002,0.12,K,0.0006188707631998241,0.01005087952942179,0.935546875,0.0004437810727102985,0.00402664264684105,0.01343943356873613,0.9108659024588599,0.9537408335325352,0.935546875,0.9453125,0.943359375,0.0,-8.087169475261715e-05,0.0005276246873630024
0.13999999999999999,0.12,D,0.00014807070306846606,0.003139195698084902,0.9609375,0.00013871527313710652,0.0021434529592432167,0.005903422161647604,0.9404368991207068,0.9745729201347606,0.958984375,0.958984375,0.95703125,0.0,-4.021101979509011e-05,0.0004979301344833605
0.13999999999999999,0.12,K,7.199805983026765e-05,0.003952229477833558,0.9375,0.00017480732543883478,0.0025443160038001664,0.007962341532509153,0.9131004927359689,0.9553834035065087,0.939453125,0.958984375,0.95703125,0.0,-4.021101979509011e-05,0.0004979301344833605
0.16,0.12,D,0.00016940887880773862,0.0027375042046311544,0.958984375,0.0001208679464286677,0.0019203039985827841,0.00508335188921003,0.9381136079604665,0.9730190510439184,0.95703125,0.943359375,0.9453125,0.0,-2.764818803076834e-05,0.0005352046172058161
0.16,0.12,K,0.00012607914145526894,0.003673511850510787,0.953125,0.00016241085687353988,0.002562671827508717,0.006745251662338138,0.9312006389371313,0.9683005393140062,0.953125,0.943359375,0.9453125,0.0,-2.764818803076834e-05,0.0005352046172058161
