D,K,tau,method,bias_D,bias_K,rmse_D,rmse_K,failures,mean_naive_sigma
0.0,0.08,0.0,naive,-0.00010584955624547661,0.00537437327188944,0.002387448613677604,0.016406653074328228,0,0.059999030994003236
0.0,0.08,0.0,corrected,-0.00010584955624547656,0.005374373271889442,0.0023874486136776034,0.01640665307432823,0,0.059999030994003236
0.06666666666666667,0.08,0.0,naive,0.010202499677386782,0.012117068127638334,0.02206654761162105,0.025928941852616814,0,0.05993799816493227
0.06666666666666667,0.08,0.0,corrected,0.010202499677386286,0.012117068127637753,0.022066547611620482,0.025928941852616176,0,0.05993799816493227
0.08,0.08,0.0,naive,0.0007613106006029281,0.0007590790415130279,0.007250779452683216,0.00808032447533819,0,0.05994010011207786
0.08,0.08,0.0,corrected,0.0007613106006028408,0.0007590790415129376,0.00725077945268307,0.008080324475338019,0,0.05994010011207786
0.12,0.08,0.0,naive,0.00022909374352217784,-7.711556438931306e-05,0.0026023874050940927,0.003390202321259167,0,0.059983851403694916
0.12,0.08,0.0,corrected,0.00022909374352216992,-7.711556438931658e-05,0.0026023874050940905,0.0033902023212591666,0,0.059983851403694916
0.0,0.08,0.01,naive,-0.00015029925387239943,0.051989577850034156,0.003672412740968019,0.057192408533604806,0,0.0746939391825368
0.0,0.08,0.01,corrected,-0.00010688353854874786,0.0054126976557621505,0.002392715425979333,0.016582210721217946,0,0.0746939391825368
0.06666666666666667,0.08,0.01,naive,0.052062759340346515,0.06232754102662392,0.06046001094013909,0.07199955115374582,0,0.07470891565687333
0.06666666666666667,0.08,0.01,corrected,0.010236487532976768,0.012152793504933045,0.022161267459397175,0.026017185186399196,0,0.07470891565687333
0.08,0.08,0.01,naive,0.002587031907955399,0.002820595425052523,0.0125507928663384,0.014009684669101016,0,0.0747580562968933
0.08,0.08,0.01,corrected,0.0007768857267651741,0.000776753484937563,0.007285578488667067,0.008122719336231037,0,0.0747580562968933
0.12,0.08,0.01,naive,0.0002298454067470653,-6.958047253085396e-05,0.0026007121987126976,0.003389305134911811,0,0.0748423387423621
0.12,0.08,0.01,corrected,0.0002283029031357286,-7.790020988408309e-05,0.002600435286207349,0.003389026086285666,0,0.0748423387423621
0.0,0.08,0.03,naive,-0.0004709704762381302,0.40993322624828243,0.013514874359643953,0.4187811179997525,0,0.1452937266317895
0.0,0.08,0.03,corrected,-0.0001064136786747687,0.005981850137756885,0.0024026362766621347,0.0199827852310134,0,0.1452937266317895
0.06666666666666667,0.08,0.03,naive,0.3765909707821199,0.45180878559220866,0.39485382720165413,0.4727830269233238,0,0.1458329565805895
0.06666666666666667,0.08,0.03,corrected,0.009204707363274979,0.01093318162147584,0.022776025948956516,0.026857878257833263,0,0.1458329565805895
0.08,0.08,0.03,naive,0.016917879409593065,0.019017347965512722,0.07169884747406478,0.07695810338131917,0,0.1469514609510328
0.08,0.08,0.03,corrected,0.0008452435703300217,0.0008490164316891866,0.00846993053059723,0.009376177170282409,0,0.1469514609510328
0.12,0.08,0.03,naive,0.00024080240611610895,-9.482507907447113e-06,0.0026147550139231,0.003445959532128921,0,0.14696865013300492
0.12,0.08,0.03,corrected,0.00022700234947982991,-8.414108728116001e-05,0.002606491774310328,0.0034140120586713353,0,0.14696865013300492
0.0,0.08,0.06,naive,-0.001389662590449771,1.4444491437112992,0.04187996428571523,1.4635569599265845,0,0.2643626075796621
0.0,0.08,0.06,corrected,-8.145065981220166e-05,0.004908087814365952,0.0025393467568769054,0.0410949631353129,0,0.2643626075796621
0.06666666666666667,0.08,0.06,naive,1.3688153740029567,1.6446068874028676,1.4183170319455392,1.7010777017056642,0,0.2687853954302084
0.06666666666666667,0.08,0.06,corrected,0.009195014994852712,0.0109268215650723,0.041612454812342166,0.049470334732653526,0,0.2687853954302084
0.08,0.08,0.06,naive,0.06176450416671794,0.06999150291374313,0.25439987754022914,0.2714319134773835,0,0.27473186798993743
0.08,0.08,0.06,corrected,0.0005263089639634339,0.0004762957765194355,0.014254823423483455,0.015297022190371577,0,0.27473186798993743
0.12,0.08,0.06,naive,0.0002540835830787912,0.00012469794035471508,0.002753581530843229,0.0040471341564323965,0,0.2749191472325716
0.12,0.08,0.06,corrected,0.0001986276968392601,-0.0001749413994299744,0.002658121319581407,0.0036161408675012318,0,0.2749191472325716
